x;cos
-12.566370614359172;1.0
-12.566270614359173;0.9999999949999996
-12.565370614359173;0.9999995000000415
-12.556370614359173;0.9999500004166652
-12.546370614359173;0.9998000066665776
-12.536370614359173;0.9995500337489875
-12.526370614359173;0.9992001066609778
-12.516370614359174;0.9987502603949663
-12.506370614359174;0.998200539935204
-12.496370614359174;0.9975510002532795
-12.486370614359174;0.9968017063026194
-12.476370614359174;0.9959527330119942
-12.466370614359175;0.9950041652780257
-12.456370614359175;0.993956097956697
-12.446370614359175;0.9928086358538665
-12.436370614359175;0.9915618937147883
-12.426370614359175;0.9902159962126376
-12.416370614359176;0.9887710779360428
-12.406370614359176;0.9872272833756333
-12.396370614359176;0.9855847669095662
-12.386370614359176;0.9838436927881263
-12.376370614359177;0.9820042351172747
-12.366370614359177;0.9800665778412457
-12.356370614359177;0.978030914724152
-12.346370614359177;0.975897449330609
-12.336370614359177;0.9736663950053781
-12.326370614359178;0.9713379748520327
-12.316370614359178;0.9689124217106476
-12.306370614359178;0.966389978134516
-12.296370614359178;0.9637708963658934
-12.286370614359178;0.9610554383107736
-12.276370614359179;0.9582438755126998
-12.266370614359179;0.9553364891256088
-12.256370614359179;0.9523335698857159
-12.24637061435918;0.9492354180824437
-12.23637061435918;0.9460423435283897
-12.22637061435918;0.9427546655283491
-12.21637061435918;0.9393727128473818
-12.20637061435918;0.9358968236779377
-12.19637061435918;0.9323273456060375
-12.18637061435918;0.9286646355765134
-12.17637061435918;0.9249090598573163
-12.166370614359181;0.9210609940028887
-12.156370614359181;0.9171208228166086
-12.146370614359181;0.9130889403123119
-12.136370614359182;0.9089657496748891
-12.126370614359182;0.9047516632199675
-12.116370614359182;0.9004471023526811
-12.106370614359182;0.8960524975255296
-12.096370614359182;0.8915682881953336
-12.086370614359183;0.8869949227792889
-12.076370614359183;0.8823328586101263
-12.066370614359183;0.8775825618903779
-12.056370614359183;0.8727445076457566
-12.046370614359184;0.8678191796776554
-12.036370614359184;0.8628070705147668
-12.026370614359184;0.85770868136383
-12.016370614359184;0.8525245220595118
-12.006370614359184;0.8472551110134191
-11.996370614359185;0.8419009751622724
-11.986370614359185;0.8364626499151915
-11.976370614359185;0.8309406791001683
-11.966370614359185;0.8253356149096839
-11.956370614359185;0.8196480178454856
-11.946370614359186;0.8138784566625403
-11.936370614359186;0.8080275083121587
-11.926370614359186;0.8020957578842999
-11.916370614359186;0.7960837985490634
-11.906370614359187;0.7899922314973733
-11.896370614359187;0.7838216658808577
-11.886370614359187;0.7775727187509367
-11.876370614359187;0.7712460149971155
-11.866370614359187;0.7648421872844977
-11.856370614359188;0.7583618759905177
-11.846370614359188;0.7518057291409048
-11.836370614359188;0.7451744023448805
-11.826370614359188;0.7384685587295984
-11.816370614359188;0.7316888688738317
-11.806370614359189;0.7248360107409163
-11.796370614359189;0.7179106696109546
-11.786370614359189;0.7109135380122891
-11.77637061435919;0.7038453156522481
-11.76637061435919;0.6967067093471775
-11.75637061435919;0.6894984329517595
-11.74637061435919;0.6822212072876261
-11.73637061435919;0.6748757600712801
-11.72637061435919;0.6674628258413214
-11.71637061435919;0.6599831458849958
-11.70637061435919;0.6524374681640657
-11.696370614359191;0.6448265472400153
-11.686370614359191;0.6371511441985945
-11.676370614359191;0.6294120265737115
-11.666370614359192;0.6216099682706815
-11.656370614359192;0.6137457494888283
-11.646370614359192;0.6058201566434797
-11.636370614359192;0.597833982287315
-11.626370614359193;0.589788025031115
-11.616370614359193;0.5816830894639006
-11.606370614359193;0.5735199860724738
-11.596370614359193;0.5652995311603718
-11.586370614359193;0.5570225467662349
-11.576370614359194;0.5486898605816054
-11.566370614359194;0.5403023058681578
-11.556370614359194;0.5318607213743737
-11.546370614359194;0.5233659512516681
-11.536370614359194;0.5148188449699742
-11.526370614359195;0.5062202572327975
-11.516370614359195;0.4975710478917464
-11.506370614359195;0.4888720818605472
-11.496370614359195;0.4801242290285542
-11.486370614359195;0.47132836417376023
-11.476370614359196;0.4624853668753214
-11.466370614359196;0.4535961214255982
-11.456370614359196;0.444661516741728
-11.446370614359196;0.4356824462767336
-11.436370614359197;0.42665980793017905
-11.426370614359197;0.4175945039583801
-11.416370614359197;0.4084874408841797
-11.406370614359197;0.39933952940629575
-11.396370614359197;0.3901516843082531
-11.386370614359198;0.38092482436690417
-11.376370614359198;0.37165987226055586
-11.366370614359198;0.3623577544766969
-11.356370614359198;0.35301940121935416
-11.346370614359198;0.34364574631607114
-11.336370614359199;0.33423772712452715
-11.326370614359199;0.3247962844388011
-11.316370614359199;0.3153223623952938
-11.3063706143592;0.30581690837831477
-11.2963706143592;0.29628087292534455
-11.2863706143592;0.28671520963198166
-11.2763706143592;0.277120875056584
-11.2663706143592;0.267498828624614
-11.2563706143592;0.2578500325326966
-11.2463706143592;0.24817545165240015
-11.2363706143592;0.2384760534337507
-11.226370614359201;0.22875280780848722
-11.216370614359201;0.21900668709306959
-11.206370614359201;0.20923866589144763
-11.196370614359202;0.1994497209976015
-11.186370614359202;0.18964083129786347
-11.176370614359202;0.17981297767302873
-11.166370614359202;0.16996714290027037
-11.156370614359203;0.16010431155486085
-11.146370614359203;0.15022546991171565
-11.136370614359203;0.1403316058467668
-11.126370614359203;0.13042370873817585
-11.116370614359203;0.12050276936739719
-11.106370614359204;0.11056977982010043
-11.096370614359204;0.10062573338696282
-11.086370614359204;0.090671624464341
-11.076370614359204;0.0807084484548322
-11.066370614359204;0.07073720166773476
-11.056370614359205;0.06075888121941794
-11.046370614359205;0.05077448493361149
-11.036370614359205;0.040785011241623585
-11.026370614359205;0.030791459082498907
-11.016370614359206;0.020794827803125443
-11.006370614359206;0.010796117058300636
-11.005574287564276;0.009999833334166453
-10.996574287564275;9.999998333327874E-4
-10.996370614359206;7.963267107667308E-4
-10.995674287564276;9.999999983310028E-5
-10.995574287564276;0.0
-10.995474287564276;-9.999999985309171E-5
-10.994574287564276;-9.99999833360053E-4
-10.986370614359206;-0.009203543268801531
-10.985574287564276;-0.009999833334184471
-10.976370614359206;-0.01920249290168366
-10.966370614359207;-0.029199522301273248
-10.956370614359207;-0.03919363177297043
-10.946370614359207;-0.04918382191416229
-10.936370614359207;-0.05916909371413177
-10.926370614359207;-0.06914844865403973
-10.916370614359208;-0.07912088880671139
-10.906370614359208;-0.08908541693643775
-10.896370614359208;-0.09904103659869996
-10.886370614359208;-0.1089867522398478
-10.876370614359208;-0.11892156929658992
-10.866370614359209;-0.12884449429550335
-10.856370614359209;-0.1387545349523525
-10.84637061435921;-0.148650700271335
-10.83637061435921;-0.15853200064416428
-10.82637061435921;-0.16839744794905306
-10.81637061435921;-0.17824605564946683
-10.80637061435921;-0.18807683889285107
-10.79637061435921;-0.19788881460907787
-10.78637061435921;-0.20768100160875363
-10.77637061435921;-0.21745242068133402
-10.76637061435921;-0.22720209469306105
-10.756370614359211;-0.2369290486846464
-10.746370614359211;-0.24663230996879942
-10.736370614359211;-0.25631090822748814
-10.726370614359212;-0.2659638756089465
-10.716370614359212;-0.27559024682447886
-10.706370614359212;-0.28518905924499
-10.696370614359212;-0.2947593529972287
-10.686370614359213;-0.30430017105980145
-10.676370614359213;-0.3138105593588512
-10.666370614359213;-0.32328956686347327
-10.656370614359213;-0.332736245680811
-10.646370614359213;-0.34214965115085766
-10.636370614359214;-0.35152884194092116
-10.626370614359214;-0.3608728801397314
-10.616370614359214;-0.37018083135124663
-10.606370614359214;-0.3794517647881181
-10.596370614359214;-0.3886847533647134
-10.586370614359215;-0.39787887378988207
-10.576370614359215;-0.40703320665923215
-10.566370614359215;-0.41614683654710394
-10.556370614359215;-0.42521885209811877
-10.546370614359216;-0.4342483461182673
-10.536370614359216;-0.44323441566567484
-10.526370614359216;-0.4521761621408745
-10.516370614359216;-0.46107269137667617
-10.506370614359216;-0.4699231137275638
-10.496370614359217;-0.47872654415868376
-10.486370614359217;-0.48748210233432554
-10.476370614359217;-0.4961889127059633
-10.466370614359217;-0.5048461045998232
-10.456370614359217;-0.5134528123039219
-10.446370614359218;-0.5220081751546727
-10.436370614359218;-0.5305113376229073
-10.426370614359218;-0.5389614493994772
-10.416370614359218;-0.5473576654802318
-10.406370614359219;-0.5556991462505458
-10.396370614359219;-0.5639850575693487
-10.386370614359219;-0.5722145708523773
-10.37637061435922;-0.5803868631551558
-10.36637061435922;-0.5885011172552915
-10.35637061435922;-0.5965565217341
-10.34637061435922;-0.6045522710578739
-10.33637061435922;-0.6124875656583294
-10.32637061435922;-0.6203616120126232
-10.31637061435922;-0.628173622722684
-10.30637061435922;-0.6359228165939528
-10.29637061435922;-0.6436084187134878
-10.286370614359221;-0.6512296605274982
-10.276370614359221;-0.6587857799181381
-10.266370614359221;-0.6662760212797781
-10.256370614359222;-0.6736996355945177
-10.246370614359222;-0.6810558805071102
-10.236370614359222;-0.6883440203991945
-10.226370614359222;-0.695563326462861
-10.216370614359223;-0.7027130767735098
-10.206370614359223;-0.7097925563620799
-10.196370614359223;-0.716801057286498
-10.186370614359223;-0.7237378787025306
-10.176370614359223;-0.7306023269337966
-10.166370614359224;-0.737393715541208
-10.156370614359224;-0.7441113653915543
-10.146370614359224;-0.7507546047254483
-10.136370614359224;-0.7573227692245028
-10.126370614359224;-0.7638152020777379
-10.116370614359225;-0.7702312540472673
-10.106370614359225;-0.7765702835332564
-10.096370614359225;-0.7828316566380289
-10.086370614359225;-0.7890147472294978
-10.076370614359226;-0.795118937003748
-10.066370614359226;-0.8011436155469003
-10.056370614359226;-0.8070881803961151
-10.046370614359226;-0.8129520370998561
-10.036370614359226;-0.8187345992773476
-10.026370614359227;-0.824435288677186
-10.016370614359227;-0.8300535352351913
-10.006370614359227;-0.8355887771313742
-9.996370614359227;-0.8410404608461669
-9.986370614359227;-0.8464080412157481
-9.976370614359228;-0.8516909814865332
-9.966370614359228;-0.8568887533689182
-9.956370614359228;-0.8620008370900346
-9.946370614359228;-0.8670267214457777
-9.936370614359229;-0.8719659038518842
-9.926370614359229;-0.8768178903942535
-9.916370614359229;-0.8815821958782571
-9.90637061435923;-0.886258343877328
-9.89637061435923;-0.8908458667805501
-9.88637061435923;-0.8953443058394632
-9.87637061435923;-0.899753211213918
-9.86637061435923;-0.9040721420170351
-9.85637061435923;-0.9083006663593473
-9.84637061435923;-0.9124383613919378
-9.83637061435923;-0.9164848133487449
-9.82637061435923;-0.9204396175879608
-9.816370614359231;-0.9243023786324422
-9.806370614359231;-0.9280727102093111
-9.796370614359232;-0.9317502352885759
-9.786370614359232;-0.9353345861207366
-9.776370614359232;-0.9388254042737387
-9.766370614359232;-0.9422223406686528
-9.756370614359232;-0.9455250556146918
-9.746370614359233;-0.9487332188431047
-9.736370614359233;-0.9518465095402385
-9.726370614359233;-0.9548646163796226
-9.716370614359233;-0.9577872375530861
-9.706370614359233;-0.9606140808009472
-9.696370614359234;-0.9633448634412405
-9.686370614359234;-0.9659793123979705
-9.676370614359234;-0.9685171642284428
-9.666370614359234;-0.9709581651495861
-9.656370614359234;-0.9733020710633443
-9.646370614359235;-0.9755486475810766
-9.636370614359235;-0.9776976700470079
-9.626370614359235;-0.979748923560679
-9.616370614359235;-0.9817022029984497
-9.606370614359236;-0.983557313034001
-9.596370614359236;-0.9853140681578768
-9.586370614359236;-0.9869722926960327
-9.576370614359236;-0.9885318208273898
-9.566370614359236;-0.9899924966004408
-9.556370614359237;-0.9913541739488214
-9.546370614359237;-0.9926167167059351
-9.536370614359237;-0.9937799986185498
-9.526370614359237;-0.9948439033594534
-9.516370614359237;-0.99580832453906
-9.506370614359238;-0.9966731657160444
-9.496370614359238;-0.9974383404070141
-9.486370614359238;-0.9981037720951452
-9.476370614359238;-0.9986693942378109
-9.466370614359239;-0.9991351502732781
-9.456370614359239;-0.999500993626328
-9.446370614359239;-0.99976688771293
-9.43637061435924;-0.9999328059438942
-9.43477796076938;-0.9999500004166669
-9.42637061435924;-0.9999987317275407
-9.425777960769379;-0.9999995000000436
-9.42487796076938;-0.9999999950000019
-9.42477796076938;-1.0000000000000018
-9.42467796076938;-0.9999999950000015
-9.42377796076938;-0.9999995000000425
-9.41637061435924;-0.9999646584713454
-9.41477796076938;-0.9999500004166675
-9.40637061435924;-0.999830589582601
-9.39637061435924;-0.9995965384680897
-9.38637061435924;-0.9992625285327239
-9.37637061435924;-0.998828593177223
-9.36637061435924;-0.9982947757947597
-9.356370614359241;-0.9976611297666219
-9.346370614359241;-0.9969277184568939
-9.336370614359241;-0.9960946152060857
-9.326370614359242;-0.9951619033238374
-9.316370614359242;-0.9941296760805576
-9.306370614359242;-0.9929980366981036
-9.296370614359242;-0.9917670983394766
-9.286370614359242;-0.9904369840974835
-9.276370614359243;-0.9890078269824429
-9.266370614359243;-0.987479769908876
-9.256370614359243;-0.985852965681215
-9.246370614359243;-0.9841275769785265
-9.236370614359243;-0.9823037763382451
-9.226370614359244;-0.980381746138914
-9.216370614359244;-0.9783616785819488
-9.206370614359244;-0.9762437756724062
-9.196370614359244;-0.974028249198849
-9.186370614359245;-0.9717153207120621
-9.176370614359245;-0.969305221502962
-9.166370614359245;-0.966798192579464
-9.156370614359245;-0.9641944846423698
-9.146370614359245;-0.961494358060305
-9.136370614359246;-0.958698082843676
-9.126370614359246;-0.9558059386176758
-9.116370614359246;-0.9528182145943173
-9.106370614359246;-0.9497352095435093
-9.096370614359246;-0.9465572317631913
-9.086370614359247;-0.9432845990484923
-9.076370614359247;-0.9399176386599546
-9.066370614359247;-0.9364566872908154
-9.056370614359247;-0.9329020910333243
-9.046370614359247;-0.929254205344143
-9.036370614359248;-0.9255133950088064
-9.026370614359248;-0.9216800341052277
-9.016370614359248;-0.917754505966301
-9.006370614359248;-0.9137372031415696
-8.996370614359249;-0.9096285273579711
-8.986370614359249;-0.9054288894796585
-8.976370614359249;-0.9011387094669175
-8.96637061435925;-0.8967584163341785
-8.95637061435925;-0.8922884481070994
-8.94637061435925;-0.8877292517787824
-8.93637061435925;-0.8830812832650586
-8.92637061435925;-0.8783450073589077
-8.91637061435925;-0.8735208976839733
-8.90637061435925;-0.8686094366472014
-8.89637061435925;-0.8636111153906021
-8.886370614359251;-0.8585264337421407
-8.876370614359251;-0.853355900165738
-8.866370614359251;-0.8481000317104479
-8.856370614359252;-0.8427593539587339
-8.846370614359252;-0.8373344009739211
-8.836370614359252;-0.8318257152467875
-8.826370614359252;-0.826233847641315
-8.816370614359252;-0.820559357339605
-8.806370614359253;-0.8148028117859574
-8.796370614359253;-0.8089647866301316
-8.786370614359253;-0.8030458656697773
-8.776370614359253;-0.7970466407920597
-8.766370614359253;-0.7909677119144651
-8.756370614359254;-0.7848096869248171
-8.746370614359254;-0.7785731816204821
-8.736370614359254;-0.7722588196467953
-8.726370614359254;-0.7658672324346895
-8.716370614359255;-0.7593990591375607
-8.706370614359255;-0.7528549465673492
-8.696370614359255;-0.7462355491298562
-8.686370614359255;-0.7395415287593128
-8.676370614359255;-0.7327735548521774
-8.666370614359256;-0.7259323042001983
-8.656370614359256;-0.7190184609227374
-8.646370614359256;-0.7120327163983686
-8.636370614359256;-0.704975769195735
-8.626370614359256;-0.6978483250036407
-8.616370614359257;-0.6906510965605845
-8.606370614359257;-0.6833848035834126
-8.596370614359257;-0.6760501726953674
-8.586370614359257;-0.6686479373534265
-8.576370614359258;-0.661178837774956
-8.566370614359258;-0.6536436208636873
-8.556370614359258;-0.6460430401350334
-8.546370614359258;-0.6383778556407342
-8.536370614359258;-0.6306488338928504
-8.526370614359259;-0.6228567477871165
-8.516370614359259;-0.6150023765256498
-8.506370614359259;-0.6070865055390293
-8.49637061435926;-0.5991099264077604
-8.48637061435926;-0.591073436783108
-8.47637061435926;-0.5829778403073356
-8.46637061435926;-0.5748239465333458
-8.45637061435926;-0.5666125708437205
-8.44637061435926;-0.5583445343691875
-8.43637061435926;-0.5500206639065022
-8.42637061435926;-0.5416417918357758
-8.416370614359261;-0.5332087560372333
-8.406370614359261;-0.5247223998074246
-8.396370614359261;-0.5161835717749035
-8.386370614359262;-0.5075931258153564
-8.376370614359262;-0.4989519209662203
-8.366370614359262;-0.49026082134077986
-8.356370614359262;-0.481520696041754
-8.346370614359262;-0.4727324190743899
-8.336370614359263;-0.46389686925906204
-8.326370614359263;-0.4550149301433866
-8.316370614359263;-0.4460874899138753
-8.306370614359263;-0.43711544130711044
-8.296370614359263;-0.42809968152047595
-8.286370614359264;-0.4190411121224392
-8.276370614359264;-0.4099406389623898
-8.266370614359264;-0.40079917208006016
-8.256370614359264;-0.39161762561452057
-8.246370614359265;-0.3823969177127661
-8.236370614359265;-0.3731379704379041
-8.226370614359265;-0.36384170967694435
-8.216370614359265;-0.3545090650482187
-8.206370614359265;-0.34514096980841097
-8.196370614359266;-0.3357383607592386
-8.186370614359266;-0.32630217815377144
-8.176370614359266;-0.31683336560240727
-8.166370614359266;-0.30733286997850917
-8.156370614359266;-0.29780164132372333
-8.146370614359267;-0.28824063275297185
-8.136370614359267;-0.2786508003591451
-8.126370614359267;-0.269033103117491
-8.116370614359267;-0.2593885027897179
-8.106370614359268;-0.24971796382782208
-8.096370614359268;-0.240022453277642
-8.086370614359268;-0.2303029406821516
-8.076370614359268;-0.22056039798449656
-8.066370614359268;-0.21079579943085908
-8.056370614359269;-0.20101012147294084
-8.046370614359269;-0.1912043426703834
-8.036370614359269;-0.18137944359289526
-8.02637061435927;-0.1715364067221969
-8.01637061435927;-0.16167621635377225
-8.00637061435927;-0.1517998584984425
-7.99637061435927;-0.14190832078376206
-7.98637061435927;-0.13200259235525882
-7.97637061435927;-0.12208366377752296
-7.9663706143592705;-0.1121525269351459
-7.956370614359271;-0.10221017493353433
-7.946370614359271;-0.09225760199960441
-7.936370614359271;-0.08229580338235508
-7.926370614359271;-0.07232577525334823
-7.916370614359272;-0.062348514607086854
-7.906370614359272;-0.05236501916132119
-7.896370614359272;-0.04237628725727692
-7.886370614359272;-0.032383317759820875
-7.876370614359272;-0.022387109957574137
-7.866370614359273;-0.012388663462987701
-7.863981633974483;-0.009999833334163662
-7.856370614359273;-0.0023889781123792838
-7.854981633974483;-9.999998333320062E-4
-7.854081633974483;-9.999999983065619E-5
-7.853981633974483;2.6512111039239643E-15
-7.853881633974483;9.999999983552885E-5
-7.8529816339744825;9.999998333366207E-4
-7.846370614359273;0.0076109461340502175
-7.843981633974483;0.009999833334168382
-7.836370614359273;0.01761010929220817
-7.8263706143592735;0.02760751145411197
-7.816370614359274;0.03760215288787731
-7.806370614359274;0.047593034137688395
-7.796370614359274;0.05757915612374691
-7.786370614359274;0.06755952024217494
-7.776370614359275;0.07753312846487838
-7.766370614359275;0.08749898343934624
-7.756370614359275;0.09745608858838543
-7.746370614359275;0.107403448209779
-7.736370614359275;0.1173400675758543
-7.726370614359276;0.12726495303295557
-7.716370614359276;0.13717711210080627
-7.706370614359276;0.14707555357176091
-7.696370614359276;0.15695928760992148
-7.6863706143592765;0.16682732585011975
-7.676370614359277;0.17667868149675575
-7.666370614359277;0.1865123694224736
-7.656370614359277;0.19632740626667558
-7.646370614359277;0.20612281053385653
-7.6363706143592776;0.21589760269175276
-7.626370614359278;0.2256508052692935
-7.616370614359278;0.23538144295434896
-7.606370614359278;0.24508854269126013
-7.596370614359278;0.25477113377814153
-7.586370614359279;0.2644282479639533
-7.576370614359279;0.2740589195453257
-7.566370614359279;0.2836621854631248
-7.556370614359279;0.29323708539876137
-7.5463706143592795;0.3027826618702092
-7.53637061435928;0.312297960327802
-7.52637061435928;0.3217820292496094
-7.51637061435928;0.3312339202366429
-7.50637061435928;0.34065268810767935
-7.4963706143592805;0.3500373909937815
-7.486370614359281;0.359387090432481
-7.476370614359281;0.3687008514616258
-7.466370614359281;0.3779777427128738
-7.456370614359281;0.38721683650483096
-7.446370614359282;0.3964172089358171
-7.436370614359282;0.40557793997625613
-7.426370614359282;0.41469811356067804
-7.416370614359282;0.4237768176793249
-7.4063706143592825;0.43281314446934926
-7.396370614359283;0.44180619030560364
-7.386370614359283;0.45075505589099735
-7.376370614359283;0.45965884634643056
-7.366370614359283;0.468516671300277
-7.3563706143592835;0.4773276449774222
-7.346370614359284;0.4860908862878409
-7.336370614359284;0.4948055189147058
-7.326370614359284;0.5034706714020163
-7.316370614359284;0.5120854772417434
-7.306370614359285;0.5206490749604826
-7.296370614359285;0.5291606082055986
-7.286370614359285;0.5376192258308605
-7.276370614359285;0.5460240819815534
-7.266370614359285;0.5543743361790662
-7.256370614359286;0.5626691534049386
-7.246370614359286;0.5709077041843597
-7.236370614359286;0.5790891646691173
-7.226370614359286;0.5872127167199803
-7.2163706143592865;0.5952775479885144
-7.206370614359287;0.6032828519983121
-7.196370614359287;0.6112278282256443
-7.186370614359287;0.6191116821795087
-7.176370614359287;0.6269336254810798
-7.166370614359288;0.6346928759425451
-7.156370614359288;0.6423886576453258
-7.146370614359288;0.6500202010176637
-7.136370614359288;0.6575867429115819
-7.126370614359288;0.6650875266791961
-7.116370614359289;0.6725218022483797
-7.106370614359289;0.6798888261977719
-7.096370614359289;0.6871878618311162
-7.086370614359289;0.6944181792509317
-7.0763706143592895;0.7015790554315027
-7.06637061435929;0.7086697742911775
-7.05637061435929;0.7156896267639791
-7.04637061435929;0.7226379108705103
-7.03637061435929;0.7295139317881614
-7.026370614359291;0.7363170019205486
-7.016370614359291;0.743046440966339
-7.006370614359291;0.7497015759872366
-6.996370614359291;0.7562817414752846
-6.986370614359291;0.762786279419418
-6.976370614359292;0.7692145393712624
-6.966370614359292;0.7755658785101796
-6.956370614359292;0.781839661707549
-6.946370614359292;0.7880352615902781
-6.9363706143592925;0.7941520586035422
-6.926370614359293;0.800189441072737
-6.916370614359293;0.8061468052646474
-6.906370614359293;0.8120235554478179
-6.896370614359293;0.8178191039521276
-6.8863706143592935;0.8235328712275558
-6.876370614359294;0.8291642859021366
-6.866370614359294;0.8347127848390946
-6.856370614359294;0.8401778131931606
-6.846370614359294;0.8455588244660535
-6.836370614359295;0.8508552805611295
-6.826370614359295;0.8560666518371932
-6.816370614359295;0.8611924171614597
-6.806370614359295;0.8662320639616681
-6.7963706143592955;0.8711850882773379
-6.786370614359296;0.8760509948101652
-6.776370614359296;0.8808292969735513
-6.766370614359296;0.8855195169412624
-6.756370614359296;0.8901211856952095
-6.7463706143592965;0.8946338430723528
-6.736370614359297;0.899057037810714
-6.726370614359297;0.9033903275945059
-6.716370614359297;0.9076332790983612
-6.706370614359297;0.9117854680306655
-6.696370614359298;0.9158464791759853
-6.686370614359298;0.9198159064365904
-6.676370614359298;0.9236933528730623
-6.666370614359298;0.9274784307439892
-6.656370614359298;0.9311707615447377
-6.646370614359299;0.9347699760453043
-6.636370614359299;0.9382757143272393
-6.626370614359299;0.941687625819635
-6.616370614359299;0.945005369334186
-6.6063706143592995;0.9482286130993058
-6.5963706143593;0.951357034793303
-6.5863706143593;0.9543903215766161
-6.5763706143593;0.9573281701230938
-6.5663706143593;0.9601702866503303
-6.556370614359301;0.9629163869490338
-6.546370614359301;0.9655661964114778
-6.536370614359301;0.9681194500589168
-6.526370614359301;0.970575892568113
-6.516370614359301;0.972935278296863
-6.506370614359302;0.9751973713085602
-6.496370614359302;0.9773619453957879
-6.486370614359302;0.9794287841029415
-6.476370614359302;0.981397680747873
-6.4663706143593025;0.9832684384425584
-6.456370614359303;0.9850408701127868
-6.446370614359303;0.9867147985168689
-6.436370614359303;0.9882900562633586
-6.426370614359303;0.9897664858277945
-6.416370614359304;0.9911439395684501
-6.406370614359304;0.9924222797410995
-6.396370614359304;0.9936013785127903
-6.386370614359304;0.9946811179746284
-6.376370614359304;0.9956613901535672
-6.366370614359305;0.9965420970232057
-6.356370614359305;0.9973231505135909
-6.346370614359305;0.9980044725200244
-6.336370614359305;0.9985859949108737
-6.3263706143593055;0.9990676595343839
-6.316370614359306;0.9994494182244944
-6.306370614359306;0.9997312328056542
-6.296370614359306;0.9999130750966401
-6.293185307179586;0.9999500004166648
-6.286370614359306;0.9999949269133744
-6.284185307179587;0.9999995000000415
-6.283285307179586;0.9999999949999996
-6.283185307179586;1.0
-6.2830853071795865;0.9999999949999996
-6.282185307179586;0.9999995000000412
-6.2763706143593065;0.9999767800707438
-6.2731853071795864;0.9999500004166652
-6.266370614359307;0.9998586363834172
-6.256370614359307;0.9996405076656651
-6.246370614359307;0.9993224157301773
-6.236370614359307;0.9989043923858822
-6.226370614359308;0.9983864794347664
-6.216370614359308;0.9977687286676932
-6.206370614359308;0.9970512018592239
-6.196370614359308;0.9962339707614422
-6.1863706143593085;0.9953171170967764
-6.176370614359309;0.9943007325498294
-6.166370614359309;0.9931849187582084
-6.156370614359309;0.991969787302363
-6.146370614359309;0.990655459694426
-6.1363706143593095;0.9892420673660632
-6.12637061435931;0.9877297516553295
-6.11637061435931;0.9861186637925404
-6.10637061435931;0.9844089648851293
-6.09637061435931;0.9826008259015679
-6.086370614359311;0.9806944276542475
-6.076370614359311;0.9786899607814047
-6.066370614359311;0.9765876257280558
-6.056370614359311;0.9743876327259546
-6.0463706143593114;0.9720902017725677
-6.036370614359312;0.9696955626090761
-6.026370614359312;0.9672039546974005
-6.016370614359312;0.9646156271962562
-6.006370614359312;0.9619308389362355
-5.9963706143593125;0.959149858393928
-5.986370614359313;0.9562729636650694
-5.976370614359313;0.9533004424367364
-5.966370614359313;0.9502325919585739
-5.956370614359313;0.9470697190130732
-5.946370614359314;0.9438121398848937
-5.936370614359314;0.9404601803292331
-5.926370614359314;0.9370141755392536
-5.916370614359314;0.9334744701125629
-5.906370614359314;0.9298414180167539
-5.896370614359315;0.9261153825540083
-5.886370614359315;0.9222967363247675
-5.876370614359315;0.9183858611904724
-5.866370614359315;0.9143831482353771
-5.8563706143593155;0.9102889977274421
-5.846370614359316;0.9061038190783056
-5.836370614359316;0.9018280308023454
-5.826370614359316;0.897462060474826
-5.816370614359316;0.8930063446891413
-5.806370614359317;0.8884613290131573
-5.796370614359317;0.8838274679446542
-5.786370614359317;0.8791052248658768
-5.776370614359317;0.8742950719971984
-5.766370614359317;0.8693974903498967
-5.756370614359318;0.8644129696780556
-5.746370614359318;0.8593420084295885
-5.736370614359318;0.8541851136963944
-5.726370614359318;0.8489428011636457
-5.7163706143593185;0.8436155950582346
-5.706370614359319;0.8382040280963284
-5.696370614359319;0.8327086414301135
-5.686370614359319;0.8271299845936769
-5.676370614359319;0.8214686154480538
-5.6663706143593195;0.8157251001254407
-5.65637061435932;0.8099000129725836
-5.64637061435932;0.8039939364933437
-5.63637061435932;0.7980074612904472
-5.62637061435932;0.7919411860064255
-5.616370614359321;0.7857957172637522
-5.606370614359321;0.7795716696041799
-5.596370614359321;0.773269665427288
-5.586370614359321;0.7668903349282427
-5.5763706143593215;0.7604343160347776
-5.566370614359322;0.7539022543434023
-5.556370614359322;0.7472948030548424
-5.546370614359322;0.7406126229087204
-5.536370614359322;0.733856382117483
-5.5263706143593225;0.7270267562995787
-5.516370614359323;0.7201244284118979
-5.506370614359323;0.7131500886814778
-5.496370614359323;0.7061044345364791
-5.486370614359323;0.6989881705364454
-5.476370614359324;0.6918020083018462
-5.466370614359324;0.6845466664429164
-5.456370614359324;0.677222870487796
-5.446370614359324;0.6698313528099774
-5.4363706143593244;0.6623728525550688
-5.426370614359325;0.65484811556688
-5.416370614359325;0.6472578943128398
-5.406370614359325;0.6396029478087478
-5.396370614359325;0.6318840415428758
-5.3863706143593255;0.6241019473994197
-5.376370614359326;0.6162574435813046
-5.366370614359326;0.6083513145323776
-5.356370614359326;0.600384350858955
-5.346370614359326;0.5923573492507653
-5.336370614359327;0.5842711124012798
-5.326370614359327;0.5761264489274456
-5.316370614359327;0.5679241732888223
-5.306370614359327;0.5596651057061385
-5.296370614359327;0.5513500720792704
-5.286370614359328;0.5429799039046511
-5.276370614359328;0.5345554381921231
-5.266370614359328;0.5260775173812372
-5.256370614359328;0.5175469892570099
-5.2463706143593285;0.5089647068651446
-5.236370614359329;0.5003315284267285
-5.226370614359329;0.49164831725241126
-5.216370614359329;0.48291594165607443
-5.206370614359329;0.4741352748680006
-5.19637061435933;0.46530719494755135
-5.18637061435933;0.4564325846953621
-5.17637061435933;0.44751233156506254
-5.16637061435933;0.4385473275745322
-5.15637061435933;0.42953846921669914
-5.146370614359331;0.42048665736989205
-5.136370614359331;0.4113927972077524
-5.126370614359331;0.4022577981087181
-5.116370614359331;0.39308257356508663
-5.1063706143593315;0.38386804109166556
-5.096370614359332;0.37461512213402537
-5.086370614359332;0.3653247419763499
-5.076370614359332;0.35599782964891313
-5.066370614359332;0.34663531783517526
-5.0563706143593325;0.33723814277851566
-5.046370614359333;0.327807244188609
-5.036370614359333;0.31834356514745527
-5.026370614359333;0.30884805201507215
-5.016370614359333;0.2993216543348601
-5.006370614359334;0.28976532473864847
-4.996370614359334;0.2801800188514333
-4.986370614359334;0.2705666951958154
-4.976370614359334;0.2609263150961495
-4.9663706143593345;0.25125984258241185
-4.956370614359335;0.2415682442937985
-4.946370614359335;0.23185248938206193
-4.936370614359335;0.22211354941459696
-4.926370614359335;0.21235239827728453
-4.9163706143593355;0.20257001207710404
-4.906370614359336;0.19276736904452374
-4.896370614359336;0.18294544943567803
-4.886370614359336;0.17310523543434253
-4.876370614359336;0.1632477110537175
-4.866370614359337;0.15337386203802644
-4.856370614359337;0.14348467576394272
-4.846370614359337;0.13358114114185277
-4.836370614359337;0.12366424851696589
-4.8263706143593375;0.11373498957028054
-4.816370614359338;0.10379435721941696
-4.806370614359338;0.0938433455193265
-4.796370614359338;0.08388294956288657
-4.786370614359338;0.07391416538139264
-4.7763706143593385;0.06393798984495543
-4.766370614359339;0.05395542056281528
-4.756370614359339;0.04396745578358153
-4.746370614359339;0.03397509429540885
-4.736370614359339;0.02397933532611909
-4.72637061435934;0.013981178443279441
-4.7223889803846895;0.009999833334166453
-4.71637061435934;0.003981623454246409
-4.71338898038469;9.999998333336756E-4
-4.712488980384689;9.999999983310028E-5
-4.71238898038469;0.0
-4.71228898038469;-9.999999985309171E-5
-4.711388980384689;-9.999998333466683E-4
-4.70637061435934;-0.006018329693839837
-4.70238898038469;-0.009999833334184471
-4.69637061435934;-0.016017681013938877
-4.68637061435934;-0.026015430579292995
-4.676370614359341;-0.03601057862325631
-4.666370614359341;-0.04600212563938819
-4.656370614359341;-0.05598907248128444
-4.646370614359341;-0.0659704204625826
-4.6363706143593415;-0.07594517145680522
-4.626370614359342;-0.08591232799717496
-4.616370614359342;-0.09587089337634742
-4.606370614359342;-0.10581987174606021
-4.596370614359342;-0.11575826821678734
-4.586370614359343;-0.12568508895715502
-4.576370614359343;-0.13559934129337467
-4.566370614359343;-0.14550003380844892
-4.556370614359343;-0.1553861764414095
-4.546370614359343;-0.16525678058619966
-4.536370614359344;-0.17511085919064798
-4.526370614359344;-0.1849474268550988
-4.516370614359344;-0.19476549993100517
-4.506370614359344;-0.20456409661920608
-4.4963706143593445;-0.21434223706821182
-4.486370614359345;-0.22409894347213272
-4.476370614359345;-0.2338332401684654
-4.466370614359345;-0.24354415373563396
-4.456370614359345;-0.25323071309037887
-4.4463706143593456;-0.262891949584832
-4.436370614359346;-0.27252689710342826
-4.426370614359346;-0.28213459215939357
-4.416370614359346;-0.2917140739912682
-4.406370614359346;-0.30126438465882893
-4.396370614359347;-0.3107845691389868
-4.386370614359347;-0.32027367542121044
-4.376370614359347;-0.3297307546027791
-4.366370614359347;-0.33915486098367303
-4.3563706143593475;-0.3485450521610969
-4.346370614359348;-0.35790038912375305
-4.336370614359348;-0.36721993634574823
-4.326370614359348;-0.37650276188012105
-4.316370614359348;-0.3857479374520654
-4.3063706143593485;-0.39495453855171053
-4.296370614359349;-0.4041216445266347
-4.286370614359349;-0.41324833867387306
-4.276370614359349;-0.42233370833161443
-4.266370614359349;-0.43137684497046913
-4.25637061435935;-0.44037684428429713
-4.24637061435935;-0.4493328062806792
-4.23637061435935;-0.45824383537087976
-4.22637061435935;-0.4671090404594144
-4.2163706143593505;-0.4759275350331568
-4.206370614359351;-0.48469843724999884
-4.196370614359351;-0.49342087002703383
-4.186370614359351;-0.5020939611282506
-4.176370614359351;-0.5107168432517467
-4.1663706143593515;-0.5192886541165325
-4.156370614359352;-0.5278085365486375
-4.146370614359352;-0.536275638566936
-4.136370614359352;-0.5446891134682642
-4.126370614359352;-0.553048119912124
-4.116370614359353;-0.5613518220048977
-4.106370614359353;-0.5695993893832655
-4.096370614359353;-0.5777899972973493
-4.086370614359353;-0.5859228266932016
-4.076370614359353;-0.5939970642946485
-4.066370614359354;-0.6020119026846632
-4.056370614359354;-0.6099665403860783
-4.046370614359354;-0.6178601819417708
-4.036370614359354;-0.6256920379941422
-4.0263706143593545;-0.6334613253641224
-4.016370614359355;-0.6411672671294496
-4.006370614359355;-0.6488090927023649
-3.996370614359355;-0.6563860379066883
-3.9863706143593554;-0.6638973450542021
-3.9763706143593556;-0.6713422630204661
-3.966370614359356;-0.6787200473198677
-3.956370614359356;-0.6860299601801403
-3.946370614359356;-0.693271270616085
-3.9363706143593564;-0.7004432545026872
-3.9263706143593566;-0.7075451946475476
-3.916370614359357;-0.7145763808625574
-3.906370614359357;-0.7215361100349561
-3.8963706143593573;-0.7284236861976328
-3.8863706143593575;-0.7352384205987148
-3.8763706143593577;-0.7419796317704229
-3.866370614359358;-0.7486466455972692
-3.856370614359358;-0.7552387953834301
-3.8463706143593583;-0.7617554219194195
-3.8363706143593586;-0.7681958735480076
-3.8263706143593588;-0.7745595062293971
-3.816370614359359;-0.7808456836056262
-3.806370614359359;-0.7870537770642064
-3.7963706143593594;-0.7931831658009495
-3.7863706143593596;-0.7992332368820989
-3.77637061435936;-0.8052033853055858
-3.76637061435936;-0.8110930140615462
-3.7563706143593603;-0.8169015341919986
-3.7463706143593605;-0.8226283648497867
-3.7363706143593607;-0.828272933356617
-3.726370614359361;-0.8338346752603358
-3.716370614359361;-0.839313034391379
-3.7063706143593613;-0.8447074629184129
-3.6963706143593615;-0.850017421403078
-3.6863706143593618;-0.8552423788539455
-3.676370614359362;-0.8603818127796264
-3.666370614359362;-0.8654352092410126
-3.6563706143593624;-0.8704020629026726
-3.6463706143593626;-0.8752818770833706
-3.636370614359363;-0.8800741638057604
-3.626370614359363;-0.8847784438451665
-3.6163706143593632;-0.8893942467774917
-3.6063706143593635;-0.8939211110263026
-3.5963706143593637;-0.8983585839089473
-3.586370614359364;-0.9027062216818267
-3.576370614359364;-0.9069635895847914
-3.5663706143593643;-0.9111302618845943
-3.5563706143593645;-0.9152058219174874
-3.5463706143593647;-0.9191898621308541
-3.536370614359365;-0.9230819841239996
-3.526370614359365;-0.9268817986879625
-3.5163706143593654;-0.9305889258444817
-3.5063706143593656;-0.9342029948838801
-3.496370614359366;-0.9377236444022855
-3.486370614359366;-0.9411505223376868
-3.4763706143593662;-0.9444832860051451
-3.4663706143593664;-0.9477216021310675
-3.4563706143593667;-0.9508651468865431
-3.446370614359367;-0.953913605919714
-3.436370614359367;-0.9568666743872221
-3.4263706143593673;-0.9597240569846747
-3.4163706143593675;-0.9624854679761996
-3.4063706143593677;-0.965150631222989
-3.396370614359368;-0.9677192802109479
-3.386370614359368;-0.9701911580773195
-3.3763706143593684;-0.9725660176363722
-3.3663706143593686;-0.9748436214041284
-3.356370614359369;-0.9770237416221145
-3.346370614359369;-0.979106160280117
-3.336370614359369;-0.9810906691380143
-3.3263706143593694;-0.9829770697465693
-3.3163706143593696;-0.9847651734672962
-3.30637061435937;-0.9864548014913115
-3.29637061435937;-0.9880457848572187
-3.2863706143593703;-0.9895379644680086
-3.2763706143593705;-0.9909311911069634
-3.2663706143593707;-0.9922253254525837
-3.256370614359371;-0.9934202380925081
-3.246370614359371;-0.9945158095364721
-3.2363706143593713;-0.9955119302282425
-3.2263706143593716;-0.9964085005565805
-3.2163706143593718;-0.9972054308652002
-3.206370614359372;-0.9979026414617366
-3.196370614359372;-0.9985000626257063
-3.1863706143593724;-0.9989976346154973
-3.1763706143593726;-0.9993953076743207
-3.166370614359373;-0.9996930420352054
-3.156370614359373;-0.9998908079249559
-3.151592653589793;-0.9999500004166669
-3.1463706143593733;-0.999988585567161
-3.142592653589793;-0.9999995000000436
-3.1416926535897933;-0.9999999950000019
-3.141592653589793;-1.0000000000000018
-3.141492653589793;-0.9999999950000015
-3.1405926535897932;-0.9999995000000425
-3.1363706143593735;-0.9999863651841235
-3.1315926535897933;-0.9999500004166675
-3.1263706143593737;-0.9998841469978887
-3.116370614359374;-0.9996819412301899
-3.106370614359374;-0.999379768101437
-3.0963706143593743;-0.9989776578286804
-3.0863706143593745;-0.9984756506226233
-3.0763706143593748;-0.9978737966835638
-3.066370614359375;-0.9971721561963949
-3.056370614359375;-0.9963707993245806
-3.0463706143593754;-0.99546980620314
-3.0363706143593756;-0.9944692669306316
-3.026370614359376;-0.9933692815601537
-3.016370614359376;-0.992169960089328
-3.0063706143593762;-0.9908714224492954
-2.9963706143593765;-0.9894737984927416
-2.9863706143593767;-0.9879772279808994
-2.976370614359377;-0.9863818605695663
-2.966370614359377;-0.9846878557941614
-2.9563706143593773;-0.9828953830537477
-2.9463706143593775;-0.9810046215941055
-2.9363706143593777;-0.9790157604898042
-2.926370614359378;-0.9769289986252788
-2.916370614359378;-0.9747445446750154
-2.9063706143593784;-0.9724626170825695
-2.8963706143593786;-0.9700834440387998
-2.886370614359379;-0.9676072634590241
-2.876370614359379;-0.9650343229592401
-2.8663706143593792;-0.9623648798313519
-2.8563706143593794;-0.9595992010174493
-2.8463706143593797;-0.9567375630831084
-2.83637061435938;-0.953780252189737
-2.82637061435938;-0.9507275640659619
-2.8163706143593803;-0.947579803978049
-2.8063706143593805;-0.9443372866993877
-2.7963706143593807;-0.9410003364790009
-2.786370614359381;-0.9375692870091281
-2.776370614359381;-0.9340444813918612
-2.7663706143593814;-0.9304262721048232
-2.7563706143593816;-0.9267150209659266
-2.746370614359382;-0.9229110990971945
-2.736370614359382;-0.9190148868876408
-2.726370614359382;-0.9150267739552433
-2.7163706143593824;-0.9109471591079692
-2.7063706143593826;-0.906776450303905
-2.696370614359383;-0.9025150646104545
-2.686370614359383;-0.8981634281626352
-2.6763706143593833;-0.8937219761204677
-2.6663706143593835;-0.8891911526254538
-2.6563706143593837;-0.8845714107561673
-2.646370614359384;-0.8798632124829457
-2.636370614359384;-0.8750670286216934
-2.6263706143593843;-0.8701833387867982
-2.6163706143593846;-0.8652126313431763
-2.6063706143593848;-0.8601554033574265
-2.596370614359385;-0.8550121605481343
-2.586370614359385;-0.8497834172352952
-2.5763706143593854;-0.8444696962888851
-2.5663706143593856;-0.8390715290765668
-2.556370614359386;-0.8335894554105643
-2.546370614359386;-0.8280240234936774
-2.5363706143593863;-0.8223757898644581
-2.5263706143593865;-0.816645319341565
-2.5163706143593867;-0.8108331849672712
-2.506370614359387;-0.8049399679501732
-2.496370614359387;-0.7989662576070622
-2.4863706143593873;-0.7929126513039927
-2.4763706143593875;-0.7867797543965493
-2.4663706143593878;-0.7805681801693168
-2.456370614359388;-0.7742785497745385
-2.446370614359388;-0.7679114921700116
-2.4363706143593884;-0.7614676440561917
-2.4263706143593886;-0.75494764981252
-2.416370614359389;-0.7483521614329889
-2.406370614359389;-0.7416818384609387
-2.3963706143593893;-0.73493734792311
-2.3863706143593895;-0.728119364262934
-2.3763706143593897;-0.7212285692730954
-2.36637061435939;-0.7142656520273508
-2.35637061435939;-0.7072313088116241
-2.3463706143593903;-0.7001262430543905
-2.3363706143593905;-0.6929511652562689
-2.3263706143593907;-0.6857067929190803
-2.316370614359391;-0.6783938504740188
-2.306370614359391;-0.6710130692092383
-2.2963706143593914;-0.663565187196711
-2.2863706143593916;-0.6560509492184329
-2.276370614359392;-0.6484711066919412
-2.266370614359392;-0.6408264175951716
-2.2563706143593922;-0.6331176463906628
-2.2463706143593924;-0.6253455639491102
-2.2363706143593927;-0.6175109474722833
-2.226370614359393;-0.6096145804152977
-2.216370614359393;-0.6016572524082845
-2.2063706143593933;-0.5936397591774072
-2.1963706143593935;-0.5855629024653118
-2.1863706143593937;-0.5774274899509364
-2.176370614359394;-0.5692343351687552
-2.166370614359394;-0.5609842574274175
-2.1563706143593944;-0.5526780817278202
-2.1463706143593946;-0.544316638680615
-2.136370614359395;-0.5359007644231383
-2.126370614359395;-0.5274313005358005
-2.116370614359395;-0.5189090939579353
-2.1063706143593954;-0.5103349969030956
-2.0963706143593956;-0.5017098667738443
-2.086370614359396;-0.49303456607600527
-2.076370614359396;-0.4843099623324204
-2.0663706143593963;-0.47553692799619135
-2.0563706143593965;-0.46671634036344245
-2.0463706143593967;-0.45784908148558545
-2.036370614359397;-0.44893603808112076
-2.026370614359397;-0.43997810144695976
-2.0163706143593974;-0.4309761673693021
-2.0063706143593976;-0.4219311360340519
-1.9963706143593976;-0.41284391193680714
-1.9863706143593975;-0.40371540379240206
-1.9763706143593975;-0.39454652444404825
-1.9663706143593975;-0.3853381907720375
-1.9563706143593975;-0.3760913236020635
-1.9463706143593975;-0.36680684761313653
-1.9363706143593975;-0.35748569124512086
-1.9263706143593975;-0.3481287866058835
-1.9163706143593975;-0.33873706937809345
-1.9063706143593975;-0.3293114787256443
-1.8963706143593975;-0.31985295719974816
-1.8863706143593975;-0.3103624506446761
-1.8763706143593974;-0.3008409081031732
-1.8663706143593974;-0.2912892817215601
-1.8563706143593974;-0.2817085266545149
-1.8463706143593974;-0.272099600969561
-1.8363706143593974;-0.26246346555125905
-1.8263706143593974;-0.2528010840051199
-1.8163706143593974;-0.2431134225612481
-1.8063706143593974;-0.23340144997771348
-1.7963706143593974;-0.22366613744366629
-1.7863706143593974;-0.21390845848227885
-1.7763706143593974;-0.20412938885330015
-1.7663706143593974;-0.19432990645554316
-1.7563706143593973;-0.18451099122908202
-1.7463706143593973;-0.17467362505725567
-1.7363706143593973;-0.1648187916684843
-1.7263706143593973;-0.15494747653789598
-1.7163706143593973;-0.1450606667887755
-1.7063706143593973;-0.1351593510938599
-1.6963706143593973;-0.12524451957646623
-1.6863706143593973;-0.11531716371148608
-1.6763706143593973;-0.10537827622623087
-1.6663706143593973;-0.0954288510011691
-1.6563706143593973;-0.08546988297053028
-1.6463706143593972;-0.07550236802281957
-1.6363706143593972;-0.06552730290122458
-1.6263706143593972;-0.05554568510394497
-1.6163706143593972;-0.0455585127844429
-1.6063706143593972;-0.03556678465162878
-1.5963706143593972;-0.02557149986998768
-1.5863706143593972;-0.015573657959668915
-1.5807963267948966;-0.009999833334163662
-1.5763706143593972;-0.00557425869653208
-1.5717963267948964;-9.99999833330516E-4
-1.5708963267948965;-9.999999983065619E-5
-1.5707963267948966;2.6512111039239643E-15
-1.5706963267948966;9.999999983552885E-5
-1.5697963267948967;9.999998333354888E-4
-1.5663706143593972;0.004425697987829159
-1.5607963267948965;0.009999833334168382
-1.5563706143593972;0.014425212106079338
-1.5463706143593972;0.024423283715140465
-1.5363706143593971;0.0344189130161817
-1.5263706143593971;0.044411100454604745
-1.5163706143593971;0.05439884681999062
-1.5063706143593971;0.06438115334602801
-1.496370614359397;0.07435702181038079
-1.486370614359397;0.0843254546345162
-1.476370614359397;0.09428545498345914
-1.466370614359397;0.1042360268654756
-1.456370614359397;0.1141761752316677
-1.446370614359397;0.12410490607548393
-1.436370614359397;0.13402122653211193
-1.426370614359397;0.14392414497777134
-1.416370614359397;0.15381267112886987
-1.406370614359397;0.16368581614103148
-1.396370614359397;0.1735425927079838
-1.386370614359397;0.18338201516028366
-1.376370614359397;0.19320309956388507
-1.366370614359397;0.20300486381853203
-1.356370614359397;0.21278632775596745
-1.346370614359397;0.22254651323794905
-1.336370614359397;0.2322844442540616
-1.326370614359397;0.24199914701931768
-1.316370614359397;0.2516896500715375
-1.306370614359397;0.26135498436849175
-1.296370614359397;0.27099418338480374
-1.286370614359397;0.2806062832086041
-1.276370614359397;0.29019032263792194
-1.266370614359397;0.2997453432768009
-1.256370614359397;0.30927038963112674
-1.2463706143593969;0.3187645092042268
-1.2363706143593969;0.3282267525920423
-1.2263706143593969;0.3376561735781206
-1.2163706143593969;0.3470518292282203
-1.2063706143593969;0.3564127799846053
-1.1963706143593968;0.3657380897600017
-1.1863706143593968;0.37502682603120313
-1.1763706143593968;0.384278059932323
-1.1663706143593968;0.3934908663476794
-1.1563706143593968;0.40266432400430896
-1.1463706143593968;0.4117975155640914
-1.1363706143593968;0.42088952771547994
-1.1263706143593968;0.4299394512648373
-1.1163706143593968;0.4389463812273498
-1.1063706143593968;0.44790941691752734
-1.0963706143593968;0.45682766203926967
-1.0863706143593967;0.4657002247754962
-1.0763706143593967;0.474526217877327
-1.0663706143593967;0.4833047587528078
-1.0563706143593967;0.492034969555166
-1.0463706143593967;0.5007159772705962
-1.0363706143593967;0.509346913805561
-1.0263706143593967;0.5179269160736002
-1.0163706143593967;0.5264551260816362
-1.0063706143593967;0.5349306910157747
-0.9963706143593967;0.5433527633265856
-0.9863706143593967;0.5517205008138572
-0.9763706143593966;0.5600330667108125
-0.9663706143593966;0.568289629767789
-0.9563706143593966;0.5764893643353621
-0.9463706143593966;0.5846314504469078
-0.9363706143593966;0.5927150739006004
-0.9263706143593966;0.60073942634083
-0.9163706143593966;0.6087037053390403
-0.9063706143593966;0.6166071144739683
-0.8963706143593966;0.6244488634112862
-0.8863706143593966;0.6322281679826351
-0.8763706143593966;0.639944250264041
-0.8663706143593966;0.6475963386537057
-0.8563706143593965;0.6551836679491669
-0.8463706143593965;0.6627054794238176
-0.8363706143593965;0.6701610209027787
-0.8263706143593965;0.6775495468381147
-0.8163706143593965;0.6848703183833906
-0.8063706143593965;0.6921226034675508
-0.7963706143593965;0.699305676868131
-0.7863706143593965;0.7064188202837777
-0.7763706143593965;0.7134613224060763
-0.7663706143593965;0.7204324789906831
-0.7563706143593965;0.7273315929277597
-0.7463706143593964;0.7341579743116401
-0.7363706143593964;0.7409109405098859
-0.7263706143593964;0.7475898162315039
-0.7163706143593964;0.7541939335944879
-0.7063706143593964;0.7607226321926063
-0.6963706143593964;0.7671752591614387
-0.6863706143593964;0.7735511692436656
-0.6763706143593964;0.7798497248535915
-0.6663706143593964;0.7860702961409054
-0.6563706143593964;0.7922122610536613
-0.6463706143593964;0.7982750054004866
-0.6363706143593963;0.8042579229119986
-0.6263706143593963;0.8101604153014325
-0.6163706143593963;0.8159818923244676
-0.6063706143593963;0.8217217718382527
-0.5963706143593963;0.8273794798596198
-0.5863706143593963;0.8329544506224819
-0.5763706143593963;0.8384461266344083
-0.5663706143593963;0.8438539587323738
-0.5563706143593963;0.8491774061376753
-0.5463706143593963;0.8544159365100086
-0.5363706143593963;0.8595690260007018
-0.5263706143593962;0.8646361593051
-0.5163706143593962;0.8696168297140956
-0.5063706143593962;0.8745105391647982
-0.4963706143593962;0.8793167982903405
-0.4863706143593962;0.8840351264688154
-0.4763706143593962;0.8886650518713366
-0.4663706143593962;0.8932061115092228
-0.4563706143593962;0.8976578512802942
-0.4463706143593962;0.9020198260142825
-0.43637061435939617;0.9062915995173507
-0.42637061435939616;0.9104727446157076
-0.41637061435939615;0.9145628431983275
-0.40637061435939614;0.9185614862587609
-0.39637061435939613;0.9224682739360337
-0.3863706143593961;0.9262828155546338
-0.3763706143593961;0.9300047296635782
-0.3663706143593961;0.9336336440745578
-0.3563706143593961;0.9371691958991554
-0.3463706143593961;0.9406110315851347
-0.3363706143593961;0.9439588069517952
-0.32637061435939607;0.9472121872243907
-0.31637061435939606;0.9503708470676042
-0.30637061435939605;0.9534344706180842
-0.29637061435939605;0.9564027515160283
-0.28637061435939604;0.9592753929358208
-0.276370614359396;0.9620521076157053
-0.266370614359396;0.9647326178865441
-0.256370614359396;0.9673166556995353
-0.246370614359396;0.9698039626530512
-0.236370614359396;0.9721942900184689
-0.22637061435939598;0.9744873987650436
-0.21637061435939597;0.9766830595838123
-0.20637061435939597;0.9787810529105222
-0.19637061435939596;0.9807811689475895
-0.18637061435939595;0.9826832076850764
-0.17637061435939594;0.984486978920695
-0.16637061435939593;0.9861923022788245
-0.15637061435939592;0.9877990072285504
-0.1463706143593959;0.9893069331007163
-0.1363706143593959;0.9907159291039919
-0.1263706143593959;0.992025854339951
-0.1163706143593959;0.9932365778171615
-0.1063706143593959;0.9943479784642847
-0.09637061435939591;0.9953599451421818
-0.08637061435939591;0.9962723766550289
-0.07637061435939592;0.9970851817604341
-0.06637061435939592;0.9977982791785655
-0.05637061435939592;0.9984115976002742
-0.04637061435939592;0.99892507569423
-0.03637061435939592;0.9993386621130512
-0.026370614359395916;0.9996523154984407
-0.016370614359395914;0.9998660044853211
-0.01;0.9999500004166648
-0.006370614359395914;0.9999797077049712
-0.001;0.9999995000000415
-1.0E-4;0.9999999949999996
0.0;1.0
