x;cot
-12.566370614359172;undefined
-12.566270614359173;9999.999964690825
-12.565370614359173;999.9996666399329
-12.556370614359173;99.99666664426616
-12.546370614359173;49.993333155477075
-12.536370614359173;33.32333273325903
-12.526370614359173;24.986665244215274
-12.516370614359174;19.98333055489056
-12.506370614359174;16.64666186501507
-12.496370614359174;14.26237332659618
-12.486370614359174;12.473321948614664
-12.476370614359174;11.081094898603693
-12.466370614359175;9.966644423259226
-12.456370614359175;9.054212812337271
-12.446370614359175;8.293294880593816
-12.436370614359175;7.648925458038249
-12.426370614359175;7.096129384363382
-12.416370614359176;6.616591505589622
-12.406370614359176;6.1965754219537414
-12.396370614359176;5.8255767953622435
-12.386370614359176;5.49542555434676
-12.376370614359177;5.199671613240245
-12.366370614359177;4.933154875586937
-12.356370614359177;4.691698093715731
-12.346370614359177;4.471883493877961
-12.336370614359177;4.2708876730783905
-12.326370614359178;4.086357771691625
-12.316370614359178;3.9163173646459994
-12.306370614359178;3.7590940700170408
-12.296370614359178;3.6132632445954473
-12.286370614359178;3.4776037446826793
-12.276370614359179;3.3510628398202416
-12.266370614359179;3.232728143765876
-12.256370614359179;3.1218049781792843
-12.24637061435918;3.017597980609399
-12.23637061435918;2.9194960564792507
-12.22637061435918;2.8269599865961017
-12.21637061435918;2.739512159083809
-12.20637061435918;2.656728012653447
-12.19637061435918;2.57822886744608
-12.18637061435918;2.5036758878425456
-12.17637061435918;2.432764974066095
-12.166370614359181;2.365222420039144
-12.156370614359181;2.3008012066703585
-12.146370614359181;2.2392778246666603
-12.136370614359182;2.1804495406685405
-12.126370614359182;2.1241320361798257
-12.116370614359182;2.0701573613012694
-12.106370614359182;2.0183721553635086
-12.096370614359182;1.9686360947077448
-12.086370614359183;1.920820534488622
-12.076370614359183;1.874807316781646
-12.066370614359183;1.830487721712478
-12.056370614359183;1.7877615419775934
-12.046370614359184;1.7465362641454434
-12.036370614359184;1.706726342635346
-12.026370614359184;1.6682525543602456
-12.016370614359184;1.631041423766295
-12.006370614359184;1.595024709470379
-11.996370614359185;1.5601389449300973
-11.986370614359185;1.5263250266253843
-11.976370614359185;1.4935278441144162
-11.966370614359185;1.4616959470781956
-11.956370614359185;1.4307812451099426
-11.946370614359186;1.400738736550746
-11.936370614359186;1.371526263145284
-11.926370614359186;1.3431042876926629
-11.916370614359186;1.3154356922159998
-11.906370614359187;1.2884855944746374
-11.896370614359187;1.2622211809020194
-11.886370614359187;1.2366115542785192
-11.876370614359187;1.2116275946441164
-11.866370614359187;1.1872418321267368
-11.856370614359188;1.163428330511419
-11.846370614359188;1.1401625805057523
-11.836370614359188;1.117421401771842
-11.826370614359188;1.0951828528951466
-11.816370614359188;1.0734261485494279
-11.806370614359189;1.0521315831946858
-11.796370614359189;1.0312804607141484
-11.786370614359189;1.0108550294569647
-11.77637061435919;0.9908384222075982
-11.76637061435919;0.9712146006505182
-11.75637061435919;0.951968303941576
-11.74637061435919;0.9330850010352528
-11.73637061435919;0.9145508464509093
-11.72637061435919;0.8963526391910449
-11.71637061435919;0.8784777845520507
-11.70637061435919;0.860914258591512
-11.696370614359191;0.8436505750383604
-11.686370614359191;0.8266757544511104
-11.676370614359191;0.809979295447233
-11.666370614359192;0.7935511478423535
-11.656370614359192;0.7773816875520657
-11.646370614359192;0.7614616931219961
-11.636370614359192;0.7457823237633309
-11.626370614359193;0.7303350987814461
-11.616370614359193;0.7151118782946355
-11.606370614359193;0.700104845148691
-11.596370614359193;0.6853064879406384
-11.586370614359193;0.6707095850722281
-11.576370614359194;0.6563071897599432
-11.566370614359194;0.6420926159343623
-11.556370614359194;0.6280594249668193
-11.546370614359194;0.6142014131663416
-11.536370614359194;0.6005125999941227
-11.526370614359195;0.5869872169468959
-11.516370614359195;0.5736196970642703
-11.506370614359195;0.5604046650184547
-11.496370614359195;0.5473369277478395
-11.486370614359195;0.5344114655988887
-11.476370614359196;0.521623423943189
-11.466370614359196;0.5089681052390945
-11.456370614359196;0.49644096150942824
-11.446370614359196;0.4840375872088541
-11.436370614359197;0.4717537124562905
-11.426370614359197;0.4595851966094865
-11.416370614359197;0.44752802216046556
-11.406370614359197;0.43557828893195144
-11.396370614359197;0.42373220855628974
-11.386370614359198;0.41198609921953494
-11.376370614359198;0.40033638065457716
-11.366370614359198;0.38877956936822483
-11.356370614359198;0.3773122740881285
-11.346370614359198;0.3659311914162482
-11.336370614359199;0.3546331016766249
-11.326370614359199;0.34341486494573303
-11.316370614359199;0.33227341725455156
-11.3063706143592;0.32120576695214687
-11.2963706143592;0.3102089912211057
-11.2863706143592;0.29928023273583454
-11.2763706143592;0.2884166964551446
-11.2663706143592;0.27761564654115145
-11.2563706143592;0.2668744033968837
-11.2463706143592;0.2561903408154792
-11.2363706143592;0.24556088323419825
-11.226370614359201;0.23498350308687385
-11.216370614359201;0.22445571824875377
-11.206370614359201;0.2139750895679732
-11.196370614359202;0.2035392184782399
-11.186370614359202;0.19314574468754375
-11.176370614359202;0.18279234393795382
-11.166370614359202;0.17247672583182974
-11.156370614359203;0.16219663171994156
-11.146370614359203;0.15194983264723813
-11.136370614359203;0.14173412735214264
-11.126370614359203;0.13154734031545978
-11.116370614359203;0.1213873198551043
-11.106370614359204;0.11125193626301609
-11.096370614359204;0.10113907998076258
-11.086370614359204;0.09104665981042853
-11.076370614359204;0.08097260115751971
-11.066370614359204;0.07091484430268444
-11.056370614359205;0.06087134269916577
-11.046370614359205;0.05084006129295188
-11.036370614359205;0.0408189748626716
-11.026370614359205;0.03080606637634009
-11.016370614359206;0.02079932536210589
-11.006370614359206;0.010796746290191544
-11.005574287564276;0.010000333346666978
-10.996574287564275;0.0010000003333329106
-10.996370614359206;7.963269632566568E-4
-10.995674287564276;1.0000000033310009E-4
-10.995574287564276;0.0
-10.995474287564276;-1.0000000035309156E-4
-10.994574287564276;-0.0010000003333601772
-10.986370614359206;-0.00920393308759312
-10.985574287564276;-0.010000333346684992
-10.976370614359206;-0.019206034203721068
-10.966370614359207;-0.029211978199929295
-10.956370614359207;-0.03922376996767681
-10.946370614359207;-0.04924341908364184
-10.936370614359207;-0.059272941426223406
-10.926370614359207;-0.069314360802907
-10.916370614359208;-0.07936971059103476
-10.906370614359208;-0.08944103539504349
-10.896370614359208;-0.09953039272297372
-10.886370614359208;-0.10963985468523976
-10.876370614359208;-0.11977150971853628
-10.866370614359209;-0.1299274643381917
-10.856370614359209;-0.1401098449219321
-10.84637061435921;-0.1503207995284555
-10.83637061435921;-0.16056249975410758
-10.82637061435921;-0.17083714263121325
-10.81637061435921;-0.18114695257157115
-10.80637061435921;-0.19149418335906637
-10.79637061435921;-0.2018811201950738
-10.78637061435921;-0.21231008180087277
-10.77637061435921;-0.22278342258128467
-10.76637061435921;-0.2333035348539869
-10.756370614359211;-0.2438728511491561
-10.746370614359211;-0.2544938465843554
-10.736370614359211;-0.2651690413197575
-10.726370614359212;-0.2759010030991117
-10.716370614359212;-0.2866923498822021
-10.706370614359212;-0.29754575257473836
-10.696370614359212;-0.30846393786200527
-10.686370614359213;-0.3194496911530423
-10.676370614359213;-0.3305058596423187
-10.666370614359213;-0.3416353554965138
-10.656370614359213;-0.3528411591742714
-10.646370614359213;-0.3641263228874311
-10.636370614359214;-0.3754939742126337
-10.626370614359214;-0.3869473198628325
-10.616370614359214;-0.39848964962888744
-10.606370614359214;-0.41012434050201535
-10.596370614359214;-0.42185486098847375
-10.586370614359215;-0.4336847756289533
-10.576370614359215;-0.4456177497355119
-10.566370614359215;-0.4576575543602371
-10.556370614359215;-0.46980807151044185
-10.546370614359216;-0.4820732996263459
-10.536370614359216;-0.49445735933849533
-10.526370614359216;-0.5069644995230701
-10.516370614359216;-0.5195991036748208
-10.506370614359216;-0.5323656966186563
-10.496370614359217;-0.545268951582562
-10.486370614359217;-0.5583136976560836
-10.476370614359217;-0.5715049276605875
-10.466370614359217;-0.5848478064594109
-10.456370614359217;-0.5983476797381319
-10.446370614359218;-0.6120100832877379
-10.436370614359218;-0.6258407528257431
-10.426370614359218;-0.6398456343934554
-10.416370614359218;-0.6540308953702451
-10.406370614359219;-0.6684029361494098
-10.396370614359219;-0.6829684025236397
-10.386370614359219;-0.6977341988317558
-10.37637061435922;-0.7127075019237392
-10.36637061435922;-0.727895776004702
-10.35637061435922;-0.7433067884242309
-10.34637061435922;-0.7589486264836195
-10.33637061435922;-0.774829715338927
-10.32637061435922;-0.7909588370857419
-10.31637061435922;-0.8073451511184072
-10.30637061435922;-0.8239982158653631
-10.29637061435922;-0.840928012011344
-10.286370614359221;-0.8581449673276116
-10.276370614359221;-0.8756599832424606
-10.266370614359221;-0.8934844632973441
-10.256370614359222;-0.9116303436472512
-10.246370614359222;-0.9301101257800433
-10.236370614359222;-0.9489369116462392
-10.226370614359222;-0.968124441410041
-10.216370614359223;-0.9876871340535714
-10.206370614359223;-1.007640131090225
-10.196370614359223;-1.0279993436693204
-10.186370614359223;-1.0487815033839167
-10.176370614359223;-1.0700042171270792
-10.166370614359224;-1.0916860263789185
-10.156370614359224;-1.1138464713483665
-10.146370614359224;-1.1365061604410953
-10.136370614359224;-1.1596868455775686
-10.126370614359224;-1.1834115039450976
-10.116370614359225;-1.2077044268354116
-10.106370614359225;-1.2325913162956206
-10.096370614359225;-1.2580993904069524
-10.086370614359225;-1.2842574981046015
-10.076370614359226;-1.3110962445636207
-10.066370614359226;-1.3386481283039866
-10.056370614359226;-1.3669476913137126
-10.046370614359226;-1.396031683656328
-10.036370614359226;-1.4259392442206718
-10.026370614359227;-1.4567120994913045
-10.016370614359227;-1.4883947824722585
-10.006370614359227;-1.5210348741895863
-9.996370614359227;-1.5546832705383509
-9.986370614359227;-1.589394477632934
-9.976370614359228;-1.6252269392781615
-9.966370614359228;-1.66224340071321
-9.956370614359228;-1.7005113134042475
-9.946370614359228;-1.7401032863955603
-9.936370614359229;-1.781097590589213
-9.926370614359229;-1.8235787233403338
-9.916370614359229;-1.8676380419561962
-9.90637061435923;-1.9133744761151827
-9.89637061435923;-1.960895330919375
-9.88637061435923;-2.010317194326007
-9.87637061435923;-2.06176696513689
-9.86637061435923;-2.115383020656664
-9.85637061435923;-2.1713165466730002
-9.84637061435923;-2.229733056709967
-9.83637061435923;-2.290814132744993
-9.82637061435923;-2.354759425991753
-9.816370614359231;-2.4217889642375994
-9.806370614359231;-2.492145821971023
-9.796370614359232;-2.5660992216405885
-9.786370614359232;-2.643948149507213
-9.776370614359232;-2.726025588543493
-9.766370614359232;-2.812703494825051
-9.756370614359232;-2.904398674369047
-9.746370614359233;-3.0015797564155067
-9.736370614359233;-3.1047755094712945
-9.726370614359233;-3.214584811772883
-9.716370614359233;-3.331688673329358
-9.706370614359233;-3.456864819540302
-9.696370614359234;-3.591005496605946
-9.686370614359234;-3.7351393608542707
-9.676370614359234;-3.8904585882435834
-9.666370614359234;-4.058352716554227
-9.656370614359234;-4.240451255257902
-9.646370614359235;-4.438677832729643
-9.636370614359235;-4.655319697634875
-9.626370614359235;-4.893117906001212
-9.616370614359235;-5.155385751658829
-9.606370614359236;-5.446166327256277
-9.596370614359236;-5.770445178888764
-9.586370614359236;-6.134441920232098
-9.576370614359236;-6.54601726682339
-9.566370614359236;-7.015252551431762
-9.556370614359237;-7.555293470901231
-9.546370614359237;-8.183610180589271
-9.536370614359237;-8.92393490351788
-9.526370614359237;-9.809343879627214
-9.516370614359237;-10.887358220981055
-9.506370614359238;-12.2287957334787
-9.496370614359238;-13.944041227400305
-9.486370614359238;-16.215166423224133
-9.476370614359238;-19.365403903287543
-9.466370614359239;-24.028841576892393
-9.456370614359239;-31.64239674992805
-9.446370614359239;-46.30484978507107
-9.43637061435924;-86.25766269203987
-9.43477796076938;-99.99666664447443
-9.42637061435924;-627.8823975616996
-9.425777960769379;-999.9996666694091
-9.42487796076938;-9999.9999669344
-9.42477796076938;undefined
-9.42467796076938;9999.999966447129
-9.42377796076938;999.999666664422
-9.41637061435924;118.94079177287192
-9.41477796076938;99.99666664442728
-9.40637061435924;54.319999836069684
-9.39637061435924;35.192692011783876
-9.38637061435924;26.02388180839907
-9.37637061435924;20.64188313671978
-9.36637061435924;17.101660378698334
-9.356370614359241;14.595503414984101
-9.346370614359241;12.727760445932953
-9.336370614359241;11.281792698069676
-9.326370614359242;10.129019311017554
-9.316370614359242;9.188302971281345
-9.306370614359242;8.405915873563522
-9.296370614359242;7.744866846788535
-9.286370614359242;7.178855203011012
-9.276370614359243;6.688669000786827
-9.266370614359243;6.259947539440156
-9.256370614359243;5.88174102961296
-9.246370614359243;5.545554659593021
-9.236370614359243;5.2446970872375775
-9.226370614359244;4.973825953245464
-9.216370614359244;4.728624240114276
-9.206370614359244;4.505565540473567
-9.196370614359244;4.301740986737605
-9.186370614359245;4.114729737381337
-9.176370614359245;3.942500745793054
-9.166370614359245;3.7833373375615134
-9.156370614359245;3.6357786478119714
-9.146370614359245;3.4985736794665354
-9.136370614359246;3.3706449191755428
-9.126370614359246;3.2510592688942634
-9.116370614359246;3.139004632654047
-9.106370614359246;3.0337709152657726
-9.096370614359246;2.9347344925542806
-9.086370614359247;2.841345435030483
-9.076370614359247;2.753116931798064
-9.066370614359247;2.6696164849695125
-9.056370614359247;2.590458538182086
-9.046370614359247;2.5152982739255814
-9.036370614359248;2.4438263690348
-9.026370614359248;2.3757645399974057
-9.016370614359248;2.3108617427048546
-9.006370614359248;2.248890917157146
-8.996370614359249;2.189646188078114
-8.986370614359249;2.1329404486464356
-8.976370614359249;2.078603267534852
-8.96637061435925;2.0264790698874275
-8.95637061435925;1.976425551296745
-8.94637061435925;1.928312290688732
-8.93637061435925;1.8820195336068364
-8.92637061435925;1.8374371219634478
-8.91637061435925;1.7944635500920085
-8.90637061435925;1.7530051300455525
-8.89637061435925;1.7129752516692036
-8.886370614359251;1.674293725124756
-8.876370614359251;1.6368861953427263
-8.866370614359251;1.6006836193853182
-8.856370614359252;1.5656217989725019
-8.846370614359252;1.5316409614952067
-8.836370614359252;1.4986853837472123
-8.826370614359252;1.4667030533784688
-8.816370614359252;1.435645363729736
-8.806370614359253;1.405466838269802
-8.796370614359253;1.376124881337671
-8.786370614359253;1.3475795523052687
-8.776370614359253;1.3197933606321448
-8.766370614359253;1.2927310795908284
-8.756370614359254;1.2663595767074005
-8.746370614359254;1.2406476591923907
-8.736370614359254;1.2155659328375843
-8.726370614359254;1.191086673028909
-8.716370614359255;1.1671837066780453
-8.706370614359255;1.1438323040086593
-8.696370614359255;1.1210090792500946
-8.686370614359255;1.0986918993939492
-8.676370614359255;1.0768598002591856
-8.666370614359256;1.0554929091910719
-8.656370614359256;1.0345723737894412
-8.646370614359256;1.0140802961238948
-8.636370614359256;0.9939996719485523
-8.626370614359256;0.9743143344778046
-8.616370614359257;0.9550089023281862
-8.606370614359257;0.9360687312693948
-8.596370614359257;0.9174798694628039
-8.586370614359257;0.8992290158957511
-8.576370614359258;0.8813034817479869
-8.566370614359258;0.8636911544507718
-8.556370614359258;0.8463804642214371
-8.546370614359258;0.829360352875871
-8.536370614359258;0.8126202447392366
-8.526370614359259;0.7961500194911879
-8.516370614359259;0.7799399867962649
-8.506370614359259;0.7639808625831529
-8.49637061435926;0.748263746848235
-8.48637061435926;0.7327801028694403
-8.47637061435926;0.7175217377260584
-8.46637061435926;0.7024807840288374
-8.45637061435926;0.6876496827725865
-8.44637061435926;0.6730211672306974
-8.43637061435926;0.6585882478174705
-8.42637061435926;0.644344197850105
-8.416370614359261;0.6302825401475546
-8.406370614359261;0.6163970344084133
-8.396370614359261;0.6026816653144743
-8.386370614359262;0.5891306313106693
-8.376370614359262;0.5757383340158979
-8.366370614359262;0.5624993682226415
-8.356370614359262;0.5494085124464004
-8.346370614359262;0.5364607199888907
-8.336370614359263;0.5236511104815423
-8.326370614359263;0.5109749618782803
-8.316370614359263;0.4984277028688008
-8.306370614359263;0.4860049056855624
-8.296370614359263;0.47370227927963776
-8.286370614359264;0.461515662842266
-8.276370614359264;0.4494410196505514
-8.266370614359264;0.4374744312172381
-8.256370614359264;0.42561209172581677
-8.246370614359265;0.41385030273349216
-8.236370614359265;0.40218546812569195
-8.226370614359265;0.3906140893068488
-8.216370614359265;0.37913276061320855
-8.206370614359265;0.3677381649342769
-8.196370614359266;0.3564270695304295
-8.186370614359266;0.345196322034928
-8.176370614359266;0.33404284662935146
-8.166370614359266;0.3229636403821045
-8.156370614359266;0.311955769740302
-8.146370614359267;0.3010163671658818
-8.136370614359267;0.29014262790736395
-8.126370614359267;0.2793318068991456
-8.116370614359267;0.26858121578068694
-8.106370614359268;0.25788822002841094
-8.096370614359268;0.2472502361934508
-8.086370614359268;0.23666472923883672
-8.076370614359268;0.22612920996999897
-8.066370614359268;0.21564123255288092
-8.056370614359269;0.20519839211394675
-8.046370614359269;0.1947983224171819
-8.036370614359269;0.18443869361287474
-8.02637061435927;0.17411721005355232
-8.01637061435927;0.16383160817253534
-8.00637061435927;0.15357965442080312
-7.99637061435927;0.14335914325803104
-7.98637061435927;0.13316789519385275
-7.97637061435927;0.12300375487554059
-7.9663706143592705;0.11286458921843691
-7.956370614359271;0.10274828557562392
-7.946370614359271;0.0926527499434211
-7.936370614359271;0.0825759051993991
-7.926370614359271;0.07251568936972834
-7.916370614359272;0.06247005392273005
-7.906370614359272;0.05243696208561576
-7.896370614359272;0.042414387181433554
-7.886370614359272;0.032400310983320635
-7.876370614359272;0.022392722083207597
-7.866370614359273;0.012389614272166819
-7.863981633974483;0.010000333346664208
-7.856370614359273;0.002388984929616022
-7.854981633974483;0.0010000003333321314
-7.854081633974483;1.0000000033065623E-4
-7.853981633974483;-2.6512111039239643E-15
-7.853881633974483;-1.0000000033552889E-4
-7.8529816339744825;-0.0010000003333367462
-7.846370614359273;-0.007611166581367206
-7.843981633974483;-0.010000333346668925
-7.836370614359273;-0.017612840515351554
-7.8263706143592735;-0.027618038345215788
-7.816370614359274;-0.03762876436487893
-7.806370614359274;-0.047647027296830916
-7.796370614359274;-0.05767484190721333
-7.786370614359274;-0.06771423063119983
-7.776370614359275;-0.07776722521148803
-7.766370614359275;-0.08783586835272177
-7.756370614359275;-0.09792221539473298
-7.746370614359275;-0.10802833600753814
-7.736370614359275;-0.11815631591108527
-7.726370614359276;-0.1283082586228303
-7.716370614359276;-0.13848628723629608
-7.706370614359276;-0.1486925462338731
-7.696370614359276;-0.15892920333720262
-7.6863706143592765;-0.1691984513986188
-7.676370614359277;-0.1795025103372523
-7.666370614359277;-0.1898436291235018
-7.656370614359277;-0.20022408781578707
-7.646370614359277;-0.2106461996536059
-7.6363706143592776;-0.2211123132111291
-7.626370614359278;-0.2316248146157462
-7.616370614359278;-0.24218612983619156
-7.606370614359278;-0.2527987270450961
-7.596370614359278;-0.2634651190610609
-7.586370614359279;-0.2741878658756171
-7.576370614359279;-0.28496957727070643
-7.566370614359279;-0.2958129155326301
-7.556370614359279;-0.30672059826875575
-7.5463706143592795;-0.3176954013335924
-7.53637061435928;-0.32874016187133426
-7.52637061435928;-0.3398577814821027
-7.51637061435928;-0.3510512295200383
-7.50637061435928;-0.3623235465313832
-7.4963706143592805;-0.3736778478415188
-7.486370614359281;-0.38511732730036413
-7.476370614359281;-0.3966452611961721
-7.466370614359281;-0.40826501234839496
-7.456370614359281;-0.4199800343910007
-7.446370614359282;-0.43179387625836335
-7.436370614359282;-0.44371018688667707
-7.426370614359282;-0.45573272014471544
-7.416370614359282;-0.46786534000871033
-7.4063706143592825;-0.48011202599715225
-7.396370614359283;-0.4924768788824332
-7.386370614359283;-0.5049641266974371
-7.376370614359283;-0.517578131056519
-7.366370614359283;-0.5303233938116896
-7.3563706143592835;-0.5432045640663907
-7.346370614359284;-0.556226445570886
-7.336370614359284;-0.5693940045251078
-7.326370614359284;-0.5827123778167587
-7.316370614359284;-0.5961868817246122
-7.306370614359285;-0.6098230211192717
-7.296370614359285;-0.6236264991961757
-7.286370614359285;-0.6376032277783907
-7.276370614359285;-0.6517593382297846
-7.266370614359285;-0.6661011930223807
-7.256370614359286;-0.6806353980053561
-7.246370614359286;-0.6953688154270304
-7.236370614359286;-0.7103085777655127
-7.226370614359286;-0.7254621024283546
-7.2163706143592865;-0.7408371073867542
-7.206370614359287;-0.75644162781548
-7.196370614359287;-0.7722840338159567
-7.186370614359287;-0.7883730493067523
-7.176370614359287;-0.8047177721732758
-7.166370614359288;-0.8213276957767829
-7.156370614359288;-0.8382127319319579
-7.146370614359288;-0.8553832354724324
-7.136370614359288;-0.8728500305348267
-7.126370614359288;-0.8906244387042294
-7.116370614359289;-0.9087183091777824
-7.106370614359289;-0.927144051118239
-7.096370614359289;-0.9459146683862505
-7.086370614359289;-0.9650437968589566
-7.0763706143592895;-0.9845457445633614
-7.06637061435929;-1.0044355348762983
-7.05637061435929;-1.02472895306887
-7.04637061435929;-1.045442596502328
-7.03637061435929;-1.0665939288149926
-7.026370614359291;-1.0882013384762523
-7.016370614359291;-1.1102842021250274
-7.006370614359291;-1.1328629531556922
-6.996370614359291;-1.1559591560669475
-6.986370614359291;-1.179595587147427
-6.976370614359292;-1.2037963221381545
-6.966370614359292;-1.2285868315868935
-6.956370614359292;-1.2539940846944055
-6.946370614359292;-1.2800466625491507
-6.9363706143592925;-1.3067748817566867
-6.926370614359293;-1.3342109295953148
-6.916370614359293;-1.362389011972329
-6.906370614359293;-1.3913455156189134
-6.896370614359293;-1.4211191861493018
-6.8863706143592935;-1.451751323825423
-6.876370614359294;-1.483285999116566
-6.866370614359294;-1.5157702904302128
-6.856370614359294;-1.549254546721879
-6.846370614359294;-1.5837926780763445
-6.836370614359295;-1.6194424777999772
-6.826370614359295;-1.6562659800850832
-6.816370614359295;-1.6943298579165653
-6.806370614359295;-1.7337058666052818
-6.7963706143592955;-1.7744713391718778
-6.786370614359296;-1.8167097407943227
-6.776370614359296;-1.8605112907024888
-6.766370614359296;-1.9059736612910805
-6.756370614359296;-1.9532027658742317
-6.7463706143592965;-2.002313648478117
-6.736370614359297;-2.053431491432678
-6.726370614359297;-2.106692759368719
-6.716370614359297;-2.162246501662705
-6.706370614359297;-2.2202558395385754
-6.696370614359298;-2.280899669110478
-6.686370614359298;-2.3443746178576315
-6.676370614359298;-2.4108972996507725
-6.666370614359298;-2.4807069228694325
-6.656370614359298;-2.5540683178410633
-6.646370614359299;-2.6312754644216896
-6.636370614359299;-2.712655618844498
-6.626370614359299;-2.7985741620699502
-6.616370614359299;-2.8894403212202113
-6.6063706143592995;-2.9857139532028105
-6.5963706143593;-3.0879136279334016
-6.5863706143593;-3.1966263112116775
-6.5763706143593;-3.3125190291786453
-6.5663706143593;-3.4363530041784935
-6.556370614359301;-3.569000895288723
-6.546370614359301;-3.7114679692746138
-6.536370614359301;-3.8649182886409057
-6.526370614359301;-4.03070736093451
-6.516370614359301;-4.21042318890368
-6.506370614359302;-4.405938356364551
-6.496370614359302;-4.61947677338098
-6.486370614359302;-4.853700131083236
-6.476370614359302;-5.111821207842268
-6.4663706143593025;-5.397754287420005
-6.456370614359303;-5.716317689434882
-6.446370614359303;-6.073510766251093
-6.436370614359303;-6.476899394683711
-6.426370614359303;-6.936163003137179
-6.416370614359304;-7.463888034535885
-6.406370614359304;-8.076747882084163
-6.396370614359304;-8.797308313844153
-6.386370614359304;-9.65688271221497
-6.376370614359304;-10.700225740223344
-6.366370614359305;-11.993612461152289
-6.356370614359305;-13.639541016843307
-6.346370614359305;-15.80539679065299
-6.336370614359305;-18.78445350455624
-6.3263706143593055;-23.141626887521547
-6.316370614359306;-30.122755212979442
-6.306370614359306;-43.123034759545696
-6.296370614359306;-75.83759975582397
-6.293185307179586;-99.99666664444631
-6.286370614359306;-313.9404024527941
-6.284185307179587;-999.9996666663103
-6.283285307179586;-9999.999966689968
-6.283185307179586;undefined
-6.2830853071795865;9999.999964690825
-6.282185307179586;999.9996666533174
-6.2763706143593065;146.73948574174204
-6.2731853071795864;99.99666664426616
-6.266370614359307;59.466192114103805
-6.256370614359307;37.284048685291566
-6.246370614359307;27.150795205179385
-6.236370614359307;21.345207979648652
-6.226370614359308;17.58213851076733
-6.216370614359308;14.944489708312963
-6.206370614359308;12.992727782814994
-6.196370614359308;11.489834736092918
-6.1863706143593085;10.296718972159455
-6.176370614359309;9.326375909488327
-6.166370614359309;8.521593262118323
-6.156370614359309;7.843204650024041
-6.146370614359309;7.263494581458872
-6.1363706143593095;6.762298676842684
-6.12637061435931;6.324596014081044
-6.11637061435931;5.93896746043022
-6.10637061435931;5.596577151423142
-6.09637061435931;5.290481092149333
-6.086370614359311;5.015146535087236
-6.076370614359311;4.766110793520925
-6.066370614359311;4.539734472884032
-6.056370614359311;4.333019980579635
-6.0463706143593114;4.143476018627729
-6.036370614359312;3.969015017784673
-6.026370614359312;3.807874534275561
-6.016370614359312;3.6585563224442326
-6.006370614359312;3.519778613489927
-5.9963706143593125;3.390438377215195
-5.986370614359313;3.269581212416149
-5.976370614359313;3.1563771254352533
-5.966370614359313;3.0501008958900524
-5.956370614359313;2.950116047058478
-5.946370614359314;2.8558616717644347
-5.936370614359314;2.7668415374211675
-5.926370614359314;2.682615023103633
-5.916370614359314;2.6027895390423703
-5.906370614359314;2.527014153150978
-5.896370614359315;2.4549742061575954
-5.886370614359315;2.3863867409441686
-5.876370614359315;2.320996605995282
-5.866370614359315;2.2585731197452965
-5.8563706143593155;2.1989072038342377
-5.846370614359316;2.141808910127943
-5.836370614359316;2.0871052798146295
-5.826370614359316;2.0346384836914866
-5.816370614359316;1.9842642014761707
-5.806370614359317;1.9358502050524944
-5.796370614359317;1.8892751163258052
-5.786370614359317;1.844427315086469
-5.776370614359317;1.8012039761621448
-5.766370614359317;1.7595102183471207
-5.756370614359318;1.7192583502566934
-5.746370614359318;1.6803672004673595
-5.736370614359318;1.6427615211530098
-5.726370614359318;1.6063714559771636
-5.7163706143593185;1.5711320643062543
-5.706370614359319;1.5369828949081914
-5.696370614359319;1.5038676032340907
-5.686370614359319;1.4717336071696043
-5.676370614359319;1.4405317768202393
-5.6663706143593195;1.4102161544658134
-5.65637061435932;1.3807437013164394
-5.64637061435932;1.3520740681228762
-5.63637061435932;1.3241693870601703
-5.62637061435932;1.2969940826166662
-5.616370614359321;1.2705146994934622
-5.606370614359321;1.244699745754892
-5.596370614359321;1.2195195496751843
-5.586370614359321;1.1949461289056156
-5.5763706143593215;1.1709530707415354
-5.566370614359322;1.147515422405508
-5.556370614359322;1.1246095903811968
-5.546370614359322;1.1022132479387061
-5.536370614359322;1.080305250082651
-5.5263706143593225;1.0588655552368493
-5.516370614359323;1.037875153050106
-5.506370614359323;1.0173159977714785
-5.496370614359323;0.9971709466994018
-5.486370614359323;0.9774237032585176
-5.476370614359324;0.958058764302803
-5.466370614359324;0.9390613712824025
-5.456370614359324;0.9204174649468585
-5.446370614359324;0.9021136432889014
-5.4363706143593244;0.8841371224604484
-5.426370614359325;0.8664757004179603
-5.416370614359325;0.8491177230764636
-5.406370614359325;0.8320520527716858
-5.396370614359325;0.8152680388480039
-5.3863706143593255;0.7987554902058548
-5.376370614359326;0.7825046496572987
-5.366370614359326;0.7665061699513093
-5.356370614359326;0.7507510913424023
-5.346370614359326;0.7352308205871517
-5.336370614359327;0.7199371112625975
-5.326370614359327;0.704862045309658
-5.316370614359327;0.6899980157125528
-5.306370614359327;0.6753377102324837
-5.296370614359327;0.6608740961205423
-5.286370614359328;0.6466004057407375
-5.276370614359328;0.6325101230395951
-5.266370614359328;0.6185969708036128
-5.256370614359328;0.6048548986506737
-5.2463706143593285;0.5912780717053993
-5.236370614359329;0.5778608599123967
-5.226370614359329;0.564597827944775
-5.216370614359329;0.5514837256685248
-5.206370614359329;0.5385134791261812
-5.19637061435933;0.52568218200596
-5.18637061435933;0.5129850875649773
-5.17637061435933;0.5004176009774006
-5.16637061435933;0.4879752720804333
-5.15637061435933;0.47565378849301476
-5.146370614359331;0.4634489690838116
-5.136370614359331;0.4513567577666541
-5.126370614359331;0.4393732176031831
-5.116370614359331;0.4274945251937086
-5.1063706143593315;0.4157169653386383
-5.096370614359332;0.40403692595397295
-5.086370614359332;0.3924508932254324
-5.076370614359332;0.3809554469868458
-5.066370614359332;0.36954725630918955
-5.0563706143593325;0.3582230752877799
-5.046370614359333;0.3469797390156811
-5.036370614359333;0.3358141597322061
-5.026370614359333;0.3247233231361469
-5.016370614359333;0.3137042848538235
-5.006370614359334;0.302754167052846
-4.996370614359334;0.2918701551928027
-4.986370614359334;0.28104949490477543
-4.976370614359334;0.27028948899192884
-4.9663706143593345;0.25958749454391267
-4.956370614359335;0.24894092015820182
-4.946370614359335;0.238347223261858
-4.936370614359335;0.22780390752758373
-4.926370614359335;0.21730852037820222
-4.9163706143593355;0.20685865057405003
-4.906370614359336;0.19645192587801674
-4.896370614359336;0.18608601079321796
-4.886370614359336;0.17575860436854748
-4.876370614359336;0.16546743806755196
-4.866370614359337;0.1552102736962909
-4.856370614359337;0.14498490138601533
-4.846370614359337;0.1347891376266909
-4.836370614359337;0.12462082334752866
-4.8263706143593375;0.11447782204085412
-4.816370614359338;0.10435801792575528
-4.806370614359338;0.09425931414809675
-4.796370614359338;0.08417963101357342
-4.786370614359338;0.07411690425059514
-4.7763706143593385;0.06406908329987396
-4.766370614359339;0.05403412962766694
-4.756370614359339;0.04401001505970078
-4.746370614359339;0.03399472013286122
-4.736370614359339;0.02398623246178582
-4.72637061435934;0.013982545117542234
-4.7223889803846895;0.010000333346666978
-4.71637061435934;0.003981655015607653
-4.71338898038469;0.0010000003333337998
-4.712488980384689;1.0000000033310009E-4
-4.71238898038469;0.0
-4.71228898038469;-1.0000000035309156E-4
-4.711388980384689;-0.0010000003333467894
-4.70637061435934;-0.006018438689631071
-4.70238898038469;-0.010000333346684992
-4.69637061435934;-0.01601973620643182
-4.68637061435934;-0.026024238706463143
-4.676370614359341;-0.03603394992686108
-4.666370614359341;-0.04605087777693201
-4.656370614359341;-0.05607703595172378
-4.646370614359341;-0.06611444555567463
-4.6363706143593415;-0.07616513673880129
-4.626370614359342;-0.08623115034839732
-4.616370614359342;-0.09631453959906891
-4.606370614359342;-0.10641737176404635
-4.596370614359342;-0.11654172989085765
-4.586370614359343;-0.12668971454418712
-4.576370614359343;-0.13686344557934205
-4.566370614359343;-0.14706506394931035
-4.556370614359343;-0.15729673354903015
-4.546370614359343;-0.16756064309993393
-4.536370614359344;-0.17785900807880065
-4.526370614359344;-0.18819407269420224
-4.516370614359344;-0.1985681119147118
-4.506370614359344;-0.20898343355263072
-4.4963706143593445;-0.2194423804077609
-4.486370614359345;-0.22994733247522925
-4.476370614359345;-0.24050070922224803
-4.466370614359345;-0.2511049719384333
-4.456370614359345;-0.2617626261649163
-4.4463706143593456;-0.2724762242073817
-4.436370614359346;-0.2832483677387864
-4.426370614359346;-0.29408171049741066
-4.416370614359346;-0.30497896108694433
-4.406370614359346;-0.3159428858845342
-4.396370614359347;-0.32697631206435906
-4.386370614359347;-0.33808213074363513
-4.376370614359347;-0.3492633002591829
-4.366370614359347;-0.36052284958263975
-4.3563706143593475;-0.371863881883106
-4.346370614359348;-0.3832895782467105
-4.336370614359348;-0.3948032015628877
-4.326370614359348;-0.40640810058796223
-4.316370614359348;-0.4181077141973695
-4.3063706143593485;-0.42990557583838535
-4.296370614359349;-0.4418053181963869
-4.286370614359349;-0.4538106780880561
-4.276370614359349;-0.4659255015963777
-4.266370614359349;-0.47815374946294725
-4.25637061435935;-0.49049950275430937
-4.24637061435935;-0.5029669688203613
-4.23637061435935;-0.5155604875638536
-4.22637061435935;-0.5282845380417531
-4.2163706143593505;-0.5411437454204939
-4.206370614359351;-0.554142888308919
-4.196370614359351;-0.5672869064944284
-4.186370614359351;-0.5805809091097932
-4.176370614359351;-0.5940301832602639
-4.1663706143593515;-0.6076402031429169
-4.156370614359352;-0.6214166396923151
-4.146370614359352;-0.6353653707900587
-4.136370614359352;-0.6494924920777807
-4.126370614359352;-0.6638043284172942
-4.116370614359353;-0.6783074460445958
-4.106370614359353;-0.6930086654681225
-4.096370614359353;-0.7079150751668144
-4.086370614359353;-0.723034046147143
-4.076370614359353;-0.7383732474237782
-4.066370614359354;-0.7539406624943839
-4.056370614359354;-0.7697446068846978
-4.046370614359354;-0.7857937468472007
-4.036370614359354;-0.8020971193037009
-4.0263706143593545;-0.8186641531308768
-4.016370614359355;-0.8355046918961925
-4.006370614359355;-0.8526290181620821
-3.996370614359355;-0.8700478794870793
-3.9863706143593554;-0.88777251626467
-3.9763706143593556;-0.9058146915544399
-3.966370614359356;-0.9241867230745745
-3.956370614359356;-0.9429015175420072
-3.946370614359356;-0.9619726075643129
-3.9363706143593564;-0.981414191308556
-3.9263706143593566;-1.0012411751950216
-3.916370614359357;-1.0214692198891198
-3.906370614359357;-1.042114789894049
-3.8963706143593573;-1.0631952070777093
-3.8863706143593575;-1.0847287085045039
-3.8763706143593577;-1.106734508981926
-3.866370614359358;-1.1292328687777797
-3.856370614359358;-1.1522451670143345
-3.8463706143593583;-1.1757939813036704
-3.8363706143593586;-1.1999031742531372
-3.8263706143593588;-1.2245979875434339
-3.816370614359359;-1.2499051443650426
-3.806370614359359;-1.2758529610932798
-3.7963706143593594;-1.3024714691898494
-3.7863706143593596;-1.3297925484414232
-3.77637061435936;-1.3578500727853777
-3.76637061435936;-1.3866800701333095
-3.7563706143593603;-1.4163208977862103
-3.7463706143593605;-1.446813435246274
-3.7363706143593607;-1.478201296472647
-3.726370614359361;-1.510531063909081
-3.716370614359361;-1.5438525469349824
-3.7063706143593613;-1.5782190677672487
-3.6963706143593615;-1.6136877782764762
-3.6863706143593618;-1.6503200116901566
-3.676370614359362;-1.6881816737495468
-3.666370614359362;-1.7273436785829128
-3.6563706143593624;-1.7678824353760687
-3.6463706143593626;-1.8098803928844338
-3.636370614359363;-1.8534266499703238
-3.626370614359363;-1.8986176416990521
-3.6163706143593632;-1.9455579121344109
-3.6063706143593635;-1.994360986891401
-3.5963706143593637;-2.0451503608009056
-3.586370614359364;-2.098060618803206
-3.576370614359364;-2.1532387115204625
-3.5663706143593643;-2.2108454109980555
-3.5563706143593645;-2.2710569770212676
-3.5463706143593647;-2.334067070422909
-3.536370614359365;-2.4000889571774744
-3.526370614359365;-2.4693580561824384
-3.5163706143593654;-2.5421348949200344
-3.5063706143593656;-2.6187085512703687
-3.496370614359366;-2.6994006773978847
-3.486370614359366;-2.7845702238879433
-3.4763706143593662;-2.8746190105522293
-3.4663706143593664;-2.969998326387355
-3.4563706143593667;-3.071216787548471
-3.446370614359367;-3.178849742273169
-3.436370614359367;-3.2935505901054527
-3.4263706143593673;-3.4160644859650806
-3.4163706143593675;-3.5472450366048776
-3.4063706143593677;-3.688074780560658
-3.396370614359368;-3.8396904911054017
-3.386370614359368;-4.003414681458278
-3.3763706143593684;-4.1807951614765955
-3.3663706143593686;-4.373655153211263
-3.356370614359369;-4.58415740664694
-3.346370614359369;-4.814887101366983
-3.336370614359369;-5.068960285488998
-3.3263706143593694;-5.35016752623827
-3.3163706143593696;-5.663166874706631
-3.30637061435937;-6.013747094156744
-3.29637061435937;-6.409192929318213
-3.2863706143593703;-6.858801753393311
-3.2763706143593705;-7.374630214229774
-3.2663706143593707;-7.972599908389515
-3.256370614359371;-8.674181044598368
-3.246370614359371;-9.509040239392256
-3.2363706143593713;-10.519364522462148
-3.2263706143593716;-11.767245575069216
-3.2163706143593718;-13.34798890006872
-3.206370614359372;-15.415750490209962
-3.196370614359372;-18.237254134616144
-3.1863706143593724;-22.31748695588851
-3.1763706143593726;-28.742248726380488
-3.166370614359373;-40.35018667627977
-3.156370614359373;-67.66340894321081
-3.151592653589793;-99.99666664447443
-3.1463706143593733;-209.29271682580085
-3.142592653589793;-999.9996666694719
-3.1416926535897933;-9999.999966878991
-3.141592653589793;undefined
-3.141492653589793;9999.99996638926
-3.1405926535897932;999.999666664498
-3.1363706143593735;191.49433122982282
-3.1315926535897933;99.99666664442728
-3.1263706143593737;65.68914629929436
-3.116370614359374;39.63945704197942
-3.106370614359374;28.37957304438494
-3.0963706143593743;22.098035525166637
-3.0863706143593745;18.09030082926002
-3.0763706143593748;15.310493784369937
-3.066370614359375;13.268892733353148
-3.056370614359375;11.705632768524609
-3.0463706143593754;10.470010590316082
-3.0363706143593756;9.46861248067404
-3.026370614359376;8.640453789318022
-3.016370614359376;7.944030307332766
-3.0063706143593762;7.350115136000667
-2.9963706143593765;6.837531604386233
-2.9863706143593767;6.390560136226197
-2.976370614359377;5.99728680707947
-2.966370614359377;5.648517392951729
-2.9563706143593773;5.337043197149025
-2.9463706143593775;5.057132519621628
-2.9363706143593777;4.804170803505963
-2.926370614359378;4.574401102274056
-2.916370614359378;4.364733687405632
-2.9063706143593784;4.172604220972489
-2.8963706143593786;3.9958666300118897
-2.886370614359379;3.8327111649934196
-2.876370614359379;3.6816009955473494
-2.8663706143593792;3.54122262868504
-2.8563706143593794;3.410446757156586
-2.8463706143593797;3.2882970648588827
-2.83637061435938;3.1739251644145288
-2.82637061435938;3.0665903051766663
-2.8163706143593803;2.9656428248841444
-2.8063706143593805;2.8705105632315955
-2.7963706143593807;2.780687636770125
-2.786370614359381;2.695725109817015
-2.776370614359381;2.615223197976451
-2.7663706143593814;2.538824718353151
-2.7563706143593816;2.4662095599181413
-2.746370614359382;2.397089993341597
-2.736370614359382;2.331206675279122
-2.726370614359382;2.2683252300373056
-2.7163706143593824;2.2082333135702643
-2.7063706143593826;2.1507380822303257
-2.696370614359383;2.095664002635168
-2.686370614359383;2.0428509501975647
-2.6763706143593833;1.9921525528837516
-2.6663706143593835;1.9434347440781825
-2.6563706143593837;1.896574494388178
-2.646370614359384;1.85145869709501
-2.636370614359384;1.8079831859631137
-2.6263706143593843;1.7660518674247503
-2.6163706143593846;1.7255759518962779
-2.6063706143593848;1.6864732712608654
-2.596370614359385;1.648667671454799
-2.586370614359385;1.6120884706884853
-2.5763706143593854;1.576669975173522
-2.5663706143593856;1.5423510453576397
-2.556370614359386;1.5090747066260772
-2.546370614359386;1.4767877992397902
-2.5363706143593863;1.445440662972257
-2.5263706143593865;1.414986852496776
-2.5163706143593867;1.385382880081226
-2.506370614359387;1.356587982580994
-2.496370614359387;1.328563910093779
-2.4863706143593873;1.3012747339619228
-2.4763706143593875;1.2746866720862446
-2.4663706143593878;1.248767929756516
-2.456370614359388;1.2234885544133003
-2.446370614359388;1.198820302938336
-2.4363706143593884;1.1747365202296824
-2.4263706143593886;1.1512120279570235
-2.416370614359389;1.1282230225143683
-2.406370614359389;1.10574698129428
-2.3963706143593893;1.0837625765018375
-2.3863706143593895;1.0622495958092781
-2.3763706143593897;1.04118886922542
-2.36637061435939;1.0205622016184754
-2.35637061435939;1.0003523103881071
-2.3463706143593903;0.980542767833281
-2.3363706143593905;0.9611179478073888
-2.3263706143593907;0.9420629762926266
-2.316370614359391;0.9233636855605822
-2.306370614359391;0.9050065716184452
-2.2963706143593914;0.8869787546685964
-2.2863706143593916;0.8692679423345965
-2.276370614359392;0.8518623954295591
-2.266370614359392;0.8347508960633699
-2.2563706143593922;0.8179227179035536
-2.2463706143593924;0.8013675984211537
-2.2363706143593927;0.7850757129678868
-2.226370614359393;0.7690376505442384
-2.216370614359393;0.7532443911303454
-2.2063706143593933;0.7376872844623703
-2.1963706143593935;0.7223580301471324
-2.1863706143593937;0.7072486590165555
-2.176370614359394;0.6923515156318134
-2.166370614359394;0.6776592418542929
-2.1563706143593944;0.663164761407324
-2.1463706143593946;0.6488612653586638
-2.136370614359395;0.6347421984592755
-2.126370614359395;0.6208012462790766
-2.116370614359395;0.6070323230848838
-2.1063706143593954;0.5934295604100087
-2.0963706143593956;0.5799872962688685
-2.086370614359396;0.5667000649734125
-2.076370614359396;0.5535625875114827
-2.0663706143593963;0.5405697624501028
-2.0563706143593965;0.5277166573294737
-2.0463706143593967;0.5149985005158669
-2.036370614359397;0.5024106734839616
-2.026370614359397;0.4899487035012067
-2.0163706143593974;0.47760825668877693
-2.0063706143593976;0.4653851314354147
-1.9963706143593976;0.4532752521421349
-1.9863706143593975;0.4412746632772283
-1.9763706143593975;0.4293795237224461
-1.9663706143593975;0.4175861013924579
-1.9563706143593975;0.4058907681109499
-1.9463706143593975;0.3942899947277397
-1.9363706143593975;0.38278034646235476
-1.9263706143593975;0.3713584784604143
-1.9163706143593975;0.3600211315500718
-1.9063706143593975;0.3487651281865088
-1.8963706143593975;0.33758736857329147
-1.8863706143593975;0.3264848269500126
-1.8763706143593974;0.315454548036335
-1.8663706143593974;0.30449364362312803
-1.8563706143593974;0.29359928930191587
-1.8463706143593974;0.2827687213244024
-1.8363706143593974;0.27199923358426603
-1.8263706143593974;0.2612881747139209
-1.8163706143593974;0.2506329452892609
-1.8063706143593974;0.2400309951358499
-1.7963706143593974;0.22947982073034043
-1.7863706143593974;0.2189769626913142
-1.7763706143593974;0.20852000335373247
-1.7663706143593974;0.19810656442201144
-1.7563706143593973;0.18773430469644117
-1.7463706143593973;0.17740091786823253
-1.7363706143593973;0.16710413037860747
-1.7263706143593973;0.15684169933754474
-1.7163706143593973;0.14661141049799623
-1.7063706143593973;0.13641107628157803
-1.6963706143593973;0.12623853385186026
-1.6863706143593973;0.11609164323157899
-1.6763706143593973;0.10596828546017499
-1.6663706143593973;0.09586636078824824
-1.6563706143593973;0.08578378690555905
-1.6463706143593972;0.07571849719938052
-1.6363706143593972;0.06566843904003337
-1.6263706143593972;0.05563157209056586
-1.6163706143593972;0.04560586663758004
-1.6063706143593972;0.03558930194028506
-1.5963706143593972;0.0255798645949029
-1.5863706143593972;0.015575546911613794
-1.5807963267948966;0.010000333346664208
-1.5763706143593972;0.005574345301236867
-1.5717963267948964;0.0010000003333306413
-1.5708963267948965;1.0000000033065623E-4
-1.5707963267948966;-2.6512111039239643E-15
-1.5706963267948966;-1.0000000033552889E-4
-1.5697963267948967;-0.0010000003333356143
-1.5663706143593972;-0.004425741331102482
-1.5607963267948965;-0.010000333346668926
-1.5563706143593972;-0.014426713188061387
-1.5463706143593972;-0.024430571180652186
-1.5363706143593971;-0.03443931853001475
-1.5263706143593971;-0.04445496237312956
-1.5163706143593971;-0.0544795153751845
-1.5063706143593971;-0.06451499735138251
-1.496370614359397;-0.07456343690094215
-1.486370614359397;-0.08462687305614237
-1.476370614359397;-0.09470735694925211
-1.466370614359397;-0.10480695350027455
-1.456370614359397;-0.11492774312847709
-1.446370614359397;-0.12507182349077137
-1.436370614359397;-0.1352413112500492
-1.426370614359397;-0.14543834387672197
-1.416370614359397;-0.1556650814867575
-1.406370614359397;-0.16592370871966133
-1.396370614359397;-0.17621643665995998
-1.386370614359397;-0.1865455048058452
-1.376370614359397;-0.19691318308884745
-1.366370614359397;-0.20732177394850715
-1.356370614359397;-0.21777361446621676
-1.346370614359397;-0.22827107856258658
-1.336370614359397;-0.23881657926289002
-1.326370614359397;-0.2494125710353682
-1.316370614359397;-0.2600615522074085
-1.306370614359397;-0.2707660674648635
-1.296370614359397;-0.28152871044006444
-1.286370614359397;-0.292352126394383
-1.276370614359397;-0.30323901500150346
-1.266370614359397;-0.31419213323792194
-1.256370614359397;-0.3252142983875624
-1.2463706143593969;-0.3363083911678764
-1.2363706143593969;-0.34747735898496124
-1.2263706143593969;-0.3587242193261604
-1.2163706143593969;-0.3700520632986465
-1.2063706143593969;-0.38146405932331906
-1.1963706143593968;-0.3929634569938368
-1.1863706143593968;-0.4045535911112406
-1.1763706143593968;-0.416237885905327
-1.1663706143593968;-0.4280198594546462
-1.1563706143593968;-0.43990312831781175
-1.1463706143593968;-0.4518914123896476
-1.1363706143593968;-0.46398853999663975
-1.1263706143593968;-0.47619845324717003
-1.1163706143593968;-0.48852521365306134
-1.1063706143593968;-0.5009730080401804
-1.0963706143593968;-0.5135461547670772
-1.0863706143593967;-0.5262491102720487
-1.0763706143593967;-0.5390864759704829
-1.0663706143593967;-0.5520630055259789
-1.0563706143593967;-0.5651836125204824
-1.0463706143593967;-0.5784533785506049
-1.0363706143593967;-0.5918775617793577
-1.0263706143593967;-0.6054616059748043
-1.0163706143593967;-0.6192111500695856
-1.0063706143593967;-0.6331320382779655
-0.9963706143593967;-0.6472303308099927
-0.9863706143593967;-0.6615123152254971
-0.9763706143593966;-0.6759845184742127
-0.9663706143593966;-0.6906537196720949
-0.9563706143593966;-0.7055269636680632
-0.9463706143593966;-0.7206115754599914
-0.9363706143593966;-0.7359151755237859
-0.9263706143593966;-0.75144569612486
-0.9163706143593966;-0.767211398687398
-0.9063706143593966;-0.7832208923033961
-0.8963706143593966;-0.7994831534708116
-0.8863706143593966;-0.8160075471581864
-0.8763706143593966;-0.8328038493019849
-0.8663706143593966;-0.8498822708526953
-0.8563706143593965;-0.8672534834965667
-0.8463706143593965;-0.8849286471918485
-0.8363706143593965;-0.9029194396716479
-0.8263706143593965;-0.9212380880802679
-0.8163706143593965;-0.93989740292621
-0.8063706143593965;-0.9589108145531866
-0.7963706143593965;-0.9782924123507377
-0.7863706143593965;-0.9980569869485374
-0.7763706143593965;-1.0182200756636495
-0.7663706143593965;-1.0387980114980846
-0.7563706143593965;-1.0598079760154657
-0.7463706143593964;-1.0812680564607269
-0.7363706143593964;-1.1031973075266546
-0.7263706143593964;-1.1256158182149663
-0.7163706143593964;-1.1485447842901821
-0.7063706143593964;-1.1720065868806364
-0.6963706143593964;-1.1960248778447435
-0.6863706143593964;-1.2206246725926868
-0.6763706143593964;-1.2458324511352916
-0.6663706143593964;-1.2716762682245326
-0.6563706143593964;-1.2981858735553817
-0.6463706143593964;-1.3253928431188966
-0.6363706143593963;-1.353330722933252
-0.6263706143593963;-1.3820351865362268
-0.6163706143593963;-1.4115442078021663
-0.6063706143593963;-1.441898250852658
-0.5963706143593963;-1.4731404790674836
-0.5863706143593963;-1.5053169854761757
-0.5763706143593963;-1.538477047126988
-0.5663706143593963;-1.572673406396916
-0.5563706143593963;-1.6079625826325072
-0.5463706143593963;-1.644405218007535
-0.5363706143593963;-1.6820664620632286
-0.5263706143593962;-1.7210164000754278
-0.5163706143593962;-1.7613305311900735
-0.5063706143593962;-1.8030903032070682
-0.4963706143593962;-1.8463837120014077
-0.4863706143593962;-1.8913059748845304
-0.4763706143593962;-1.9379602887711112
-0.4663706143593962;-1.9864586858803313
-0.4563706143593962;-2.0369230019319873
-0.4463706143593962;-2.089485974479058
-0.43637061435939617;-2.144292492252589
-0.42637061435939616;-2.2015010203116443
-0.41637061435939615;-2.261285230554757
-0.40637061435939614;-2.3238358729678263
-0.39637061435939613;-2.3893629301232306
-0.3863706143593961;-2.4580981062477867
-0.3763706143593961;-2.5302977130851687
-0.3663706143593961;-2.6062460283656645
-0.3563706143593961;-2.6862592197152586
-0.3463706143593961;-2.770689948276952
-0.3363706143593961;-2.8599327934951373
-0.32637061435939607;-2.9544306751862583
-0.31637061435939606;-3.0546824935549464
-0.30637061435939605;-3.16125226543367
-0.29637061435939605;-3.2747801101401643
-0.28637061435939604;-3.3959955370705677
-0.276370614359396;-3.525733618018992
-0.266370614359396;-3.664954802306188
-0.256370614359396;-3.8147693693575624
-0.246370614359396;-3.9764678363456687
-0.236370614359396;-4.151559084459955
-0.22637061435939598;-4.341818590615235
-0.21637061435939597;-4.549350033900171
-0.20637061435939597;-4.776664813418561
-0.19637061435939596;-5.0267858623764825
-0.18637061435939595;-5.3033848839806845
-0.17637061435939594;-5.6109662739816395
-0.16637061435939593;-5.955117373144593
-0.15637061435939592;-6.342854742535818
-0.1463706143593959;-6.78311238338972
-0.1363706143593959;-7.287444762713408
-0.1263706143593959;-7.871063631164528
-0.1163706143593959;-8.554409418076407
-0.1063706143593959;-9.365608996280661
-0.09637061435939591;-10.34446364250591
-0.08637061435939591;-11.549207356933007
-0.07637061435939592;-13.0685748057661
-0.06637061435939592;-15.044778859257924
-0.05637061435939592;-17.720945061695378
-0.04637061435939592;-21.5499226485134
-0.03637061435939592;-27.482599295756433
-0.026370614359395916;-37.912206842309246
-0.016370614359395914;-61.07960545120525
-0.01;-99.99666664444418
-0.006370614359395914;-156.96860856851183
-0.001;-999.9996666666442
-1.0E-4;-9999.99996666666
0.0;undefined
