x;csc
-12.566370614359172;undefined
-12.566270614359173;10000.00001469083
-12.565370614359173;1000.0001666399749
-12.556370614359173;100.00166668593324
-12.546370614359173;50.003333488823735
-12.536370614359173;33.33833385836028
-12.526370614359173;25.006667911308668
-12.516370614359174;20.0083357645263
-12.506370614359174;16.676670868256245
-12.496370614359174;14.29738762526923
-12.486370614359174;12.513343295610174
-12.476370614359174;11.126125298227628
-12.466370614359175;10.016686131634765
-12.456370614359175;9.109268337857443
-12.446370614359175;8.353366984425106
-12.436370614359175;7.7140171546753455
-12.426370614359175;7.1662439422353765
-12.416370614359176;6.6917324477179
-12.406370614359176;6.27674652666177
-12.396370614359176;5.910782097037806
-12.386370614359176;5.585669344256512
-12.376370614359177;5.294958440397439
-12.366370614359177;5.033489547672367
-12.356370614359177;4.797085678052413
-12.346370614359177;4.582329318459979
-12.336370614359177;4.386397327654304
-12.326370614359178;4.206937108902917
-12.316370614359178;4.04197250122112
-12.306370614359178;3.889831388021489
-12.296370614359178;3.7490893927385005
-12.286370614359178;3.6185256396812955
-12.276370614359179;3.497087667820768
-12.266370614359179;3.383863361824164
-12.256370614359179;3.278058315799908
-12.24637061435918;3.1789774413446
-12.23637061435918;3.0860099195883826
-12.22637061435918;2.9986168087662395
-12.21637061435918;2.916320776212384
-12.20637061435918;2.838697541693639
-12.19637061435918;2.7653687083158145
-12.18637061435918;2.6959957253979723
-12.17637061435918;2.630274780140431
-12.166370614359181;2.567932455547809
-12.156370614359181;2.508722023783377
-12.146370614359181;2.4524202690493
-12.136370614359182;2.3988247537912453
-12.126370614359182;2.3477514576985055
-12.116370614359182;2.299032731509023
-12.106370614359182;2.252515517714968
-12.096370614359182;2.208059798417187
-12.086370614359183;2.1655372372030817
-12.076370614359183;2.1248299873302816
-12.066370614359183;2.0858296429335055
-12.056370614359183;2.0484363136241455
-12.046370614359184;2.012557805871703
-12.036370614359184;1.9781088970644172
-12.026370614359184;1.945010690235269
-12.016370614359184;1.9131900391862717
-12.006370614359184;1.882579035212355
-11.996370614359185;1.8531145478592514
-11.986370614359185;1.8247378131948122
-11.976370614359185;1.797394063956248
-11.966370614359185;1.7710321966878266
-11.956370614359185;1.7456044716253603
-11.946370614359186;1.7210662416286766
-11.936370614359186;1.6973757069362463
-11.926370614359186;1.6744936929169023
-11.916370614359186;1.6523834483423772
-11.906370614359187;1.631010462004678
-11.896370614359187;1.6103422957612905
-11.886370614359187;1.5903484323176422
-11.876370614359187;1.5710001362517871
-11.866370614359187;1.5522703269571603
-11.856370614359188;1.5341334623286973
-11.846370614359188;1.5165654321477786
-11.836370614359188;1.4995434602364115
-11.826370614359188;1.483046014550993
-11.816370614359188;1.4670527244750575
-11.806370614359189;1.4515443046479066
-11.796370614359189;1.4365024847353405
-11.786370614359189;1.4219099446091723
-11.77637061435919;1.4077502544566853
-11.76637061435919;1.394007819388675
-11.75637061435919;1.3806678281576024
-11.74637061435919;1.3677162056351349
-11.73637061435919;1.3551395687323469
-11.72637061435919;1.3429251854756301
-11.71637061435919;1.3310609369790305
-11.70637061435919;1.319535282077058
-11.696370614359191;1.3083372244045335
-11.686370614359191;1.2974562817287238
-11.676370614359191;1.286882457357009
-11.666370614359192;1.276606213458919
-11.656370614359192;1.2666184461554726
-11.646370614359192;1.2569104622415366
-11.636370614359192;1.2474739574186884
-11.626370614359193;1.2383009959263183
-11.616370614359193;1.2293839914681164
-11.606370614359193;1.2207156893399371
-11.596370614359193;1.2122891496724442
-11.586370614359193;1.2040977317094208
-11.576370614359194;1.1961350790485987
-11.566370614359194;1.1883951057781401
-11.556370614359194;1.1808719834468318
-11.546370614359194;1.1735601288112723
-11.536370614359194;1.1664541923074832
-11.526370614359195;1.1595490471985515
-11.516370614359195;1.1528397793536198
-11.506370614359195;1.1463216776169116
-11.496370614359195;1.1399902247284588
-11.486370614359195;1.1338410887613635
-11.476370614359196;1.1278701150426025
-11.466370614359196;1.122073318527215
-11.456370614359196;1.1164468765975428
-11.446370614359196;1.110987122261535
-11.436370614359197;1.105690537725763
-11.426370614359197;1.1005537483206231
-11.416370614359197;1.0955735167567984
-11.406370614359197;1.0907467376934419
-11.396370614359197;1.086070432600017
-11.386370614359198;1.0815417448948215
-11.376370614359198;1.0771579353444898
-11.366370614359198;1.0729163777098834
-11.356370614359198;1.068814554624661
-11.346370614359198;1.0648500536936074
-11.336370614359199;1.0610205637991879
-11.326370614359199;1.0573238716049416
-11.316370614359199;1.053757858245422
-11.3063706143592;1.0503204961930852
-11.2963706143592;1.047009846292949
-11.2863706143592;1.0438240549567668
-11.2763706143592;1.0407613515086303
-11.2663706143592;1.0378200456747964
-11.2563706143592;1.0349985252107452
-11.2463706143592;1.0322952536591126
-11.2363706143592;1.0297087682324286
-11.226370614359201;1.027237677815098
-11.216370614359201;1.0248806610793968
-11.206370614359201;1.0226364647105082
-11.196370614359202;1.0205039017361552
-11.186370614359202;1.0184818499565382
-11.176370614359202;1.0165692504705792
-11.166370614359202;1.014765106294879
-11.156370614359203;1.0130684810718777
-11.146370614359203;1.0114784978641496
-11.136370614359203;1.0099943380317853
-11.126370614359203;1.0086152401902602
-11.116370614359203;1.007340499246206
-11.106370614359204;1.0061694655087996
-11.096370614359204;1.0051015438747228
-11.086370614359204;1.0041361930846957
-11.076370614359204;1.003272925049914
-11.066370614359204;1.002511304246726
-11.056370614359205;1.0018509471782684
-11.046370614359205;1.0012915219017215
-11.036370614359205;1.0008327476201195
-11.026370614359205;1.000474394337795
-11.016370614359206;1.0002162825786791
-11.006370614359206;1.0000582831667635
-11.005574287564276;1.0000500020834164
-10.996574287564275;1.0000005000002063
-10.996370614359206;1.0000003170682619
-10.995674287564276;1.0000000049999982
-10.995574287564276;0.9999999999999982
-10.995474287564276;1.0000000049999986
-10.994574287564276;1.0000005000002075
-10.986370614359206;1.0000423552951514
-10.985574287564276;1.0000500020834158
-10.976370614359206;1.000184418869755
-10.966370614359207;1.0004265788504185
-10.956370614359207;1.000768956418251
-10.946370614359207;1.001211723025176
-10.936370614359207;1.0017551006035916
-10.926370614359207;1.0023993618381426
-10.916370614359208;1.0031448305002137
-10.906370614359208;1.0039918818459308
-10.896370614359208;1.0049409430785399
-10.886370614359208;1.0059924938762712
-10.876370614359208;1.0071470669868694
-10.866370614359209;1.0084052488902209
-10.856370614359209;1.00976768053055
-10.84637061435921;1.0112350581199552
-10.83637061435921;1.012808134015169
-10.82637061435921;1.0144877176695593
-10.81637061435921;1.0162746766627428
-10.80637061435921;1.0181699378101638
-10.79637061435921;1.020174488355406
-10.78637061435921;1.022289377248092
-10.77637061435921;1.0245157165105232
-10.76637061435921;1.0268546826963396
-10.756370614359211;1.0293075184451188
-10.746370614359211;1.0318755341364256
-10.736370614359211;1.0345601096478008
-10.726370614359212;1.0373626962211062
-10.716370614359212;1.0402848184420477
-10.706370614359212;1.0433280763380668
-10.696370614359212;1.0464941476001455
-10.686370614359213;1.0497847899344874
-10.676370614359213;1.053201843550382
-10.666370614359213;1.0567472337911483
-10.656370614359213;1.0604229739153417
-10.646370614359213;1.0642311680361283
-10.636370614359214;1.068174014227089
-10.626370614359214;1.072253807803471
-10.616370614359214;1.0764729447883807
-10.606370614359214;1.0808339255742414
-10.596370614359214;1.085339358790428
-10.586370614359215;1.089991965388894
-10.576370614359215;1.0947945829603594
-10.566370614359215;1.099750170294601
-10.556370614359215;1.1048618121993194
-10.546370614359216;1.1101327245931605
-10.536370614359216;1.1155662598895688
-10.526370614359216;1.121165912689414
-10.516370614359216;1.1269353258016555
-10.506370614359216;1.1328782966127804
-10.496370614359217;1.1389987838272475
-10.486370614359217;1.145300914602974
-10.476370614359217;1.1517889921076405
-10.466370614359217;1.1584675035236782
-10.456370614359217;1.1653411285319033
-10.446370614359218;1.1724147483061875
-10.436370614359218;1.1796934550541067
-10.426370614359218;1.1871825621412917
-10.416370614359218;1.1948876148403293
-10.406370614359219;1.202814401748333
-10.396370614359219;1.2109689669210084
-10.386370614359219;1.2193576227749725
-10.37637061435922;1.2279869638145309
-10.36637061435922;1.2368638812438162
-10.35637061435922;1.2459955785305137
-10.34637061435922;1.2553895879930705
-10.33637061435922;1.2650537884897384
-10.32637061435922;1.2749964242946215
-10.31637061435922;1.2852261252536243
-10.30637061435922;1.2957519283216719
-10.29637061435922;1.306583300591809
-10.286370614359221;1.3177301639371144
-10.276370614359221;1.329202921397714
-10.266370614359221;1.341012485457822
-10.256370614359222;1.353170308371575
-10.246370614359222;1.3656884147120039
-10.236370614359222;1.3785794363346366
-10.226370614359222;1.3918566499663394
-10.216370614359223;1.4055340176512912
-10.206370614359223;1.4196262303097567
-10.196370614359223;1.4341487546919727
-10.186370614359223;1.4491178840384904
-10.176370614359223;1.4645507927926946
-10.166370614359224;1.4804655957471495
-10.156370614359224;1.4968814120481226
-10.146370614359224;1.5138184345292385
-10.136370614359224;1.531298004898342
-10.126370614359224;1.5493426953613512
-10.116370614359225;1.5679763973344263
-10.106370614359225;1.5872244179722534
-10.096370614359225;1.6071135853269165
-10.086370614359225;1.6276723630503376
-10.076370614359226;1.6489309756653936
-10.066370614359226;1.670921545558544
-10.056370614359226;1.6936782429930037
-10.046370614359226;1.7172374506084809
-10.036370614359226;1.7416379440654768
-10.026370614359227;1.7669210907124229
-10.016370614359227;1.7931310684081716
-10.006370614359227;1.8203151069254295
-9.996370614359227;1.8485237547004472
-9.986370614359227;1.8778111740880779
-9.976370614359228;1.9082354687395022
-9.966370614359228;1.9398590472543649
-9.956370614359228;1.9727490278836375
-9.946370614359228;2.00697768979244
-9.936370614359229;2.0426229772532
-9.926370614359229;2.0797690641558164
-9.916370614359229;2.1185069874234497
-9.90637061435923;2.1589353593493765
-9.89637061435923;2.201161170569162
-9.88637061435923;2.24530069741289
-9.87637061435923;2.2914805298168597
-9.86637061435923;2.339838738905423
-9.85637061435923;2.390526206895869
-9.84637061435923;2.443708146277933
-9.83637061435923;2.4995658404579393
-9.82637061435923;2.5582986444699864
-9.816370614359231;2.6201262922429924
-9.806370614359231;2.6852915666585666
-9.796370614359232;2.754063400741543
-9.786370614359232;2.8267404934451146
-9.776370614359232;2.903655542483222
-9.766370614359232;2.9851802206568374
-9.756370614359232;3.071731052627557
-9.746370614359233;3.1637763881353966
-9.736370614359233;3.261844717979756
-9.726370614359233;3.366534644420074
-9.716370614359233;3.4785269031575465
-9.706370614359233;3.5985989468924027
-9.696370614359234;3.727642750674178
-9.686370614359234;3.8666867011696864
-9.676370614359234;4.016922706106989
-9.666370614359234;4.179740036409289
-9.656370614359234;4.356767936006915
-9.646370614359235;4.549929768992632
-9.636370614359235;4.76151252095246
-9.626370614359235;4.994256985981945
-9.616370614359235;5.251476197071313
-9.606370614359236;5.537212987066679
-9.596370614359236;5.856452643244069
-9.586370614359236;6.21541452138959
-9.576370614359236;6.621959080026831
-9.566370614359236;7.08616739573442
-9.556370614359237;7.6211849099364075
-9.546370614359237;8.244481523288394
-9.536370614359237;8.979789204776724
-9.526370614359237;9.860183940920164
-9.516370614359237;10.933186590924109
-9.506370614359238;12.269614708341336
-9.496370614359238;13.97985285156605
-9.486370614359238;16.24597248960042
-9.476370614359238;19.391205953665285
-9.466370614359239;24.049640902254467
-9.456370614359239;31.65819439070796
-9.446370614359239;46.315646531361125
-9.43637061435924;86.26345908374942
-9.43477796076938;100.00166668614135
-9.42637061435924;627.8831938886619
-9.425777960769379;1000.0001666694488
-9.42487796076938;10000.00001693438
-9.42477796076938;undefined
-9.42467796076938;-10000.000016447115
-9.42377796076938;-1000.0001666644629
-9.41637061435924;-118.94499547083768
-9.41477796076938;-100.00166668609414
-9.40637061435924;-54.329203769157175
-9.39637061435924;-35.20689664023615
-9.38637061435924;-26.043087842602755
-9.37637061435924;-20.666091537346762
-9.36637061435924;-17.130872356898198
-9.356370614359241;-14.629720432626614
-9.346370614359241;-12.76698421590059
-9.336370614359241;-11.326025184601109
-9.326370614359242;-10.178262730101167
-9.316370614359242;-9.242559791099916
-9.306370614359242;-8.465188814989704
-9.296370614359242;-7.809158883931344
-9.286370614359242;-7.2481695638139
-9.276370614359243;-6.76300916767726
-9.266370614359243;-6.339317250031177
-9.256370614359243;-5.966144277456966
-9.246370614359243;-5.634995694988054
-9.236370614359243;-5.339180418086499
-9.226370614359244;-5.073356345968423
-9.216370614359244;-4.833206720614825
-9.206370614359244;-4.615205395158883
-9.196370614359244;-4.416443763592938
-9.186370614359245;-4.2345012470999315
-9.176370614359245;-4.067347062961227
-9.166370614359245;-3.913264801899751
-9.156370614359245;-3.7707938654726085
-9.146370614359245;-3.6386835243885063
-9.136370614359246;-3.5158565344968524
-9.126370614359246;-3.4013800684227524
-9.116370614359246;-3.2944423023971527
-9.106370614359246;-3.1943334150199147
-9.096370614359246;-3.1004300575546067
-9.086370614359247;-3.0121825776617137
-9.076370614359247;-2.929104443367184
-9.066370614359247;-2.8507634375410964
-9.056370614359247;-2.7767742864771345
-9.046370614359247;-2.706792457284665
-9.036370614359248;-2.640508913446409
-9.026370614359248;-2.577645660192489
-9.016370614359248;-2.5179519443184373
-9.006370614359248;-2.4612009989580286
-8.996370614359249;-2.407187244267693
-8.986370614359249;-2.355723871227719
-8.976370614359249;-2.3066407487527436
-8.96637061435925;-2.259782604741405
-8.95637061435925;-2.2150074401271627
-8.94637061435925;-2.1721851418378826
-8.93637061435925;-2.131196266156107
-8.92637061435925;-2.091930968547804
-8.91637061435925;-2.0542880597931825
-8.90637061435925;-2.018174171365308
-8.89637061435925;-1.9835030155840958
-8.886370614359251;-1.9501947282238625
-8.876370614359251;-1.918175283049911
-8.866370614359251;-1.8873759692675165
-8.856370614359252;-1.8577329241357352
-8.846370614359252;-1.829186714069938
-8.836370614359252;-1.8016819584647965
-8.826370614359252;-1.7751669912404684
-8.816370614359252;-1.7495935557719384
-8.806370614359253;-1.7249165294228361
-8.796370614359253;-1.7010936743861658
-8.786370614359253;-1.6780854119475794
-8.776370614359253;-1.6558546176427131
-8.766370614359253;-1.6343664350873324
-8.756370614359254;-1.6135881065248814
-8.746370614359254;-1.5934888183666573
-8.736370614359254;-1.574039560200222
-8.726370614359254;-1.5552129959163397
-8.716370614359255;-1.5369833457571045
-8.706370614359255;-1.5193262782212908
-8.696370614359255;-1.5022188108798098
-8.686370614359255;-1.4856392192567776
-8.676370614359255;-1.4695669530219615
-8.666370614359256;-1.4539825588199573
-8.656370614359256;-1.4388676091316825
-8.646370614359256;-1.4242046366259051
-8.636370614359256;-1.40997707351353
-8.626370614359256;-1.396169195466252
-8.616370614359257;-1.3827660697045052
-8.606370614359257;-1.369753506898314
-8.596370614359257;-1.3571180165591443
-8.586370614359257;-1.3448467656312333
-8.576370614359258;-1.33292754001899
-8.566370614359258;-1.3213487088109874
-8.556370614359258;-1.3100991909835138
-8.546370614359258;-1.2991684243862895
-8.536370614359258;-1.2885463368307817
-8.526370614359259;-1.2782233191175132
-8.516370614359259;-1.268190199853213
-8.506370614359259;-1.2584382219216317
-8.49637061435926;-1.2489590204835948
-8.48637061435926;-1.239744602392496
-8.47637061435926;-1.2307873269210263
-8.46637061435926;-1.2220798877036454
-8.45637061435926;-1.2136152958072117
-8.44637061435926;-1.2053868638493441
-8.43637061435926;-1.1973881910906237
-8.42637061435926;-1.1896131494326574
-8.416370614359261;-1.1820558702594577
-8.406370614359261;-1.1747107320644852
-8.396370614359261;-1.167572348810223
-8.386370614359262;-1.1606355589712483
-8.376370614359262;-1.1538954152155196
-8.366370614359262;-1.1473471746820427
-8.356370614359262;-1.140986289816211
-8.346370614359262;-1.1348083997270184
-8.336370614359263;-1.128809322032977
-8.326370614359263;-1.1229850451660108
-8.316370614359263;-1.1173317211048233
-8.306370614359263;-1.1118456585113017
-8.296370614359263;-1.1065233162454027
-8.286370614359264;-1.101361297235714
-8.276370614359264;-1.0963563426844967
-8.266370614359264;-1.0915053265874812
-8.256370614359264;-1.0868052505500807
-8.246370614359265;-1.0822532388829345
-8.236370614359265;-1.0778465339608791
-8.226370614359265;-1.0735824918305152
-8.216370614359265;-1.0694585780525545
-8.206370614359265;-1.0654723637660568
-8.196370614359266;-1.0616215219625351
-8.186370614359266;-1.0579038239587006
-8.176370614359266;-1.054317136057382
-8.166370614359266;-1.0508594163868263
-8.156370614359266;-1.0475287119092553
-8.146370614359267;-1.0443231555901384
-8.136370614359267;-1.0412409637202096
-8.126370614359267;-1.0382804333827909
-8.116370614359267;-1.035439940059415
-8.106370614359268;-1.032717935367366
-8.096370614359268;-1.0301129449228992
-8.086370614359268;-1.0276235663246056
-8.076370614359268;-1.0252484672515592
-8.066370614359268;-1.022986383671327
-8.056370614359269;-1.020836118153233
-8.046370614359269;-1.0187965382825752
-8.036370614359269;-1.0168665751718036
-8.02637061435927;-1.015045222064929
-8.01637061435927;-1.0133315330317154
-8.00637061435927;-1.011724621748438
-7.99637061435927;-1.0102236603622399
-7.98637061435927;-1.0088278784363396
-7.97637061435927;-1.0075365619735523
-7.9663706143592705;-1.006349052515801
-7.956370614359271;-1.0052647463174729
-7.946370614359271;-1.0042830935906872
-7.936370614359271;-1.0034035978206888
-7.926370614359271;-1.002625815149784
-7.916370614359272;-1.001949353828381
-7.906370614359272;-1.0013738737318694
-7.896370614359272;-1.0008990859422233
-7.886370614359272;-1.0005247523933711
-7.876370614359272;-1.0002506855795186
-7.866370614359273;-1.0000767483257542
-7.863981633974483;-1.0000500020834184
-7.856370614359273;-1.0000028536204257
-7.854981633974483;-1.0000005000002086
-7.854081633974483;-1.0000000050000004
-7.853981633974483;-1.0
-7.853881633974483;-1.0000000050000004
-7.8529816339744825;-1.0000005000002088
-7.846370614359273;-1.0000289645088936
-7.843981633974483;-1.0000500020834182
-7.836370614359273;-1.0001550940484278
-7.8263706143592735;-1.000381305324144
-7.816370614359274;-1.0007077115260121
-7.806370614359274;-1.0011344760871164
-7.796370614359274;-1.0016618128834813
-7.786370614359274;-1.002289986495912
-7.776370614359275;-1.0030193125344566
-7.766370614359275;-1.003850158026225
-7.756370614359275;-1.0047829418674523
-7.746370614359275;-1.0058181353408562
-7.736370614359275;-1.0069562626994681
-7.726370614359276;-1.0081979018183
-7.716370614359276;-1.009543684915365
-7.706370614359276;-1.0109942993437262
-7.696370614359276;-1.0125504884564513
-7.6863706143592765;-1.0142130525464952
-7.676370614359277;-1.0159828498637988
-7.666370614359277;-1.0178607977119336
-7.656370614359277;-1.0198478736270704
-7.646370614359277;-1.021945116642034
-7.6363706143592776;-1.0241536286385802
-7.626370614359278;-1.0264745757912244
-7.616370614359278;-1.0289091901062155
-7.606370614359278;-1.0314587710595209
-7.596370614359278;-1.0341246873379706
-7.586370614359279;-1.0369083786880222
-7.576370614359279;-1.0398113578769193
-7.566370614359279;-1.0428352127713718
-7.556370614359279;-1.045981608539243
-7.5463706143592795;-1.0492522899801169
-7.53637061435928;-1.0526490839910507
-7.52637061435928;-1.0561739021742316
-7.51637061435928;-1.059828743593764
-7.50637061435928;-1.063615697689295
-7.4963706143592805;-1.0675369473547391
-7.486370614359281;-1.0715947721909536
-7.476370614359281;-1.075791551941818
-7.466370614359281;-1.0801297701238681
-7.456370614359281;-1.0846120178603365
-7.446370614359282;-1.0892409979312325
-7.436370614359282;-1.0940195290519334
-7.426370614359282;-1.0989505503936499
-7.416370614359282;-1.104037126360101
-7.4063706143592825;-1.1092824516357833
-7.396370614359283;-1.114689856522336
-7.386370614359283;-1.1202628125807392
-7.376370614359283;-1.1260049385983892
-7.366370614359283;-1.131920006901526
-7.3563706143592835;-1.1380119500350427
-7.346370614359284;-1.1442848678333664
-7.336370614359284;-1.1507430349079422
-7.326370614359284;-1.157390908578801
-7.316370614359284;-1.164233137279866
-7.306370614359285;-1.1712745694699591
-7.296370614359285;-1.178520263084046
-7.286370614359285;-1.1859754955619575
-7.276370614359285;-1.1936457744949853
-7.266370614359285;-1.2015368489338332
-7.256370614359286;-1.2096547214052096
-7.246370614359286;-1.218005660688158
-7.236370614359286;-1.226596215405571
-7.226370614359286;-1.2354332284910312
-7.2163706143592865;-1.2445238525963158
-7.206370614359287;-1.2538755665105434
-7.196370614359287;-1.2634961926682042
-7.186370614359287;-1.2733939158301442
-7.176370614359287;-1.2835773030291249
-7.166370614359288;-1.2940553248798916
-7.156370614359288;-1.3048373783628509
-7.146370614359288;-1.3159333112005671
-7.136370614359288;-1.3273534479574944
-7.126370614359288;-1.339108618005733
-7.116370614359289;-1.3512101855133154
-7.106370614359289;-1.3636700816267622
-7.096370614359289;-1.3765008390365299
-7.086370614359289;-1.3897156291327921
-7.0763706143592895;-1.4033283019799123
-7.06637061435929;-1.4173534293612993
-7.05637061435929;-1.4318063511724004
-7.04637061435929;-1.446703225468697
-7.03637061435929;-1.4620610825081728
-7.026370614359291;-1.4778978831642862
-7.016370614359291;-1.4942325821264848
-7.006370614359291;-1.5110851963514864
-6.996370614359291;-1.528476879280477
-6.986370614359291;-1.546430001396009
-6.976370614359292;-1.5649682377586216
-6.966370614359292;-1.5841166632381287
-6.956370614359292;-1.6039018562395062
-6.946370614359292;-1.6243520118198507
-6.9363706143592925;-1.6454970652025431
-6.926370614359293;-1.6673688268201423
-6.916370614359293;-1.69000113016025
-6.906370614359293;-1.7134299938523443
-6.896370614359293;-1.737693799621107
-6.8863706143592935;-1.7628334879474168
-6.876370614359294;-1.7888927735264673
-6.866370614359294;-1.8159183828990997
-6.856370614359294;-1.8439603169641168
-6.846370614359294;-1.8730721414639186
-6.836370614359295;-1.9033113089830895
-6.826370614359295;-1.934739516520814
-6.816370614359295;-1.9674231033073597
-6.806370614359295;-2.0014334942489507
-6.7963706143592955;-2.0368476952247634
-6.786370614359296;-2.07374884744922
-6.776370614359296;-2.112226849282869
-6.766370614359296;-2.152379055263111
-6.756370614359296;-2.194311063778047
-6.7463706143592965;-2.23813760677974
-6.736370614359297;-2.2839835572979568
-6.726370614359297;-2.3319850733605874
-6.716370614359297;-2.382290900363053
-6.706370614359297;-2.4350638580959516
-6.696370614359298;-2.490482543714829
-6.686370614359298;-2.5487432881432195
-6.676370614359298;-2.610062411028401
-6.666370614359298;-2.674678828789043
-6.656370614359298;-2.742857081985767
-6.646370614359299;-2.8148908628342193
-6.636370614359299;-2.8911071419870664
-6.626370614359299;-2.9718710168184495
-6.616370614359299;-3.0575914327936555
-6.6063706143592995;-3.1487279670289
-6.5963706143593;-3.24579891145105
-6.5863706143593;-3.3493909556112995
-6.5763706143593;-3.4601708510810036
-6.5663706143593;-3.5788995472528367
-6.556370614359301;-3.7064494318109746
-6.546370614359301;-3.843825501626162
-6.536370614359301;-3.9921915507489274
-6.526370614359301;-4.152902819654202
-6.516370614359301;-4.327547045343124
-6.506370614359302;-4.517996547152789
-6.496370614359302;-4.726474971879838
-6.486370614359302;-4.955643748543431
-6.476370614359302;-5.208715394504305
-6.4663706143593025;-5.4896039335603435
-6.456370614359303;-5.803127426357817
-6.446370614359303;-6.155284967226789
-6.436370614359303;-6.553642175832793
-6.426370614359303;-7.0078782242622575
-6.416370614359304;-7.530579299900381
-6.406370614359304;-8.13841854113876
-6.396370614359304;-8.853961461901202
-6.386370614359304;-9.708521191071096
-6.376370614359304;-10.746852138730596
-6.366370614359305;-12.035229115738
-6.356370614359305;-13.676150011978926
-6.346370614359305;-15.83699995927209
-6.336370614359305;-18.81105242842185
-6.3263706143593055;-23.16322289754301
-6.316370614359306;-30.139349389478884
-6.306370614359306;-43.13462793247425
-6.296370614359306;-75.84419250492788
-6.293185307179586;-100.00166668611344
-6.286370614359306;-313.9419951077307
-6.284185307179587;-1000.0001666663521
-6.283285307179586;-10000.000016689972
-6.283185307179586;undefined
-6.2830853071795865;10000.00001469083
-6.282185307179586;1000.0001666533595
-6.2763706143593065;146.74289310133872
-6.2731853071795864;100.00166668593324
-6.266370614359307;59.47459965860636
-6.256370614359307;37.29745683511398
-6.246370614359307;27.16920463086085
-6.236370614359307;21.368619601987778
-6.226370614359308;17.61055350100635
-6.216370614359308;14.977909488372253
-6.206370614359308;13.031154025577784
-6.196370614359308;11.53326936574046
-6.1863706143593085;10.3451641645567
-6.176370614359309;9.379834092620397
-6.166370614359309;8.580067116577826
-6.156370614359309;7.9066971095495155
-6.146370614359309;7.332008833524566
-6.1363706143593095;6.835838163299958
-6.12637061435931;6.403164431851625
-6.11637061435931;6.022568762251577
-6.10637061435931;5.685215546646518
-6.09637061435931;5.384161047590354
-6.086370614359311;5.113872775929925
-6.076370614359311;4.869888304275208
-6.066370614359311;4.648568498397278
-6.056370614359311;4.446916027102627
-6.0463706143593114;4.262439854935546
-6.036370614359312;4.093052676352965
-6.026370614359312;3.936992312512714
-6.016370614359312;3.7927607839800004
-6.006370614359312;3.659076589521054
-5.9963706143593125;3.5348369679086415
-5.986370614359313;3.4190877883705455
-5.976370614359313;3.3109993292012123
-5.966370614359313;3.2098466435500077
-5.956370614359313;3.1149935298667857
-5.946370614359314;3.025879357848409
-5.936370614359314;2.9420081735438934
-5.926370614359314;2.8629396364892585
-5.916370614359314;2.788281439264764
-5.906370614359314;2.7176829340865587
-5.896370614359315;2.650829748003272
-5.886370614359315;2.5874392123012484
-5.876370614359315;2.5272564660203423
-5.866370614359315;2.470051120368967
-5.8563706143593155;2.415614392048966
-5.846370614359316;2.3637566303457413
-5.836370614359316;2.3143051762959255
-5.826370614359316;2.267102503046209
-5.816370614359316;2.2220045952382343
-5.806370614359317;2.1788795323288923
-5.796370614359317;2.137606246521536
-5.786370614359317;2.0980734307066244
-5.776370614359317;2.0601785756924826
-5.766370614359317;2.0238271192144692
-5.756370614359318;1.988931691870633
-5.746370614359318;1.9554114473446493
-5.736370614359318;1.9231914661262774
-5.726370614359318;1.8922022234893923
-5.7163706143593185;1.8623791137926977
-5.706370614359319;1.8336620242673871
-5.696370614359319;1.8059949523897256
-5.686370614359319;1.779325661724844
-5.676370614359319;1.7536053718066023
-5.6663706143593195;1.7287884781882434
-5.65637061435932;1.7048322992966538
-5.64637061435932;1.6816968471429137
-5.63637061435932;1.6593446193082877
-5.62637061435932;1.6377404099376427
-5.616370614359321;1.6168511377455297
-5.606370614359321;1.5966456892755947
-5.596370614359321;1.577094775858446
-5.586370614359321;1.5581708028924708
-5.5763706143593215;1.5398477502269678
-5.566370614359322;1.522101062564027
-5.556370614359322;1.5049075489136836
-5.546370614359322;1.488245290243389
-5.536370614359322;1.4720935545528921
-5.5263706143593225;1.4564327186887371
-5.516370614359323;1.4412441962827853
-5.506370614359323;1.4265103712633116
-5.496370614359323;1.4122145364431717
-5.486370614359323;1.398340836738888
-5.476370614359324;1.384874216619481
-5.466370614359324;1.3718003714224645
-5.456370614359324;1.3591057022098092
-5.446370614359324;1.346777273868247
-5.4363706143593244;1.3348027761855508
-5.426370614359325;1.323170487660152
-5.416370614359325;1.3118692418235052
-5.406370614359325;1.300888395874754
-5.396370614359325;1.2902178014455914
-5.3863706143593255;1.2798477773290111
-5.376370614359326;1.2697690840209066
-5.366370614359326;1.2599728999361182
-5.356370614359326;1.2504507991727654
-5.346370614359326;1.2411947307095925
-5.336370614359327;1.232196998930424
-5.326370614359327;1.2234502453790743
-5.316370614359327;1.2149474316558964
-5.306370614359327;1.2066818233743537
-5.296370614359327;1.1986469751028255
-5.286370614359328;1.1908367162227103
-5.276370614359328;1.1832451376395245
-5.266370614359328;1.1758665792884067
-5.256370614359328;1.168695618380474
-5.2463706143593285;1.1617270583401462
-5.236370614359329;1.1549559183876656
-5.226370614359329;1.1483774237244293
-5.216370614359329;1.1419869962820222
-5.206370614359329;1.1357802459985782
-5.19637061435933;1.1297529625889708
-5.18637061435933;1.123901107777746
-5.17637061435933;1.1182208079659284
-5.16637061435933;1.1127083473048887
-5.15637061435933;1.1073601611525294
-5.146370614359331;1.1021728298886941
-5.136370614359331;1.0971430730682434
-5.126370614359331;1.0922677438920247
-5.116370614359331;1.0875438239770352
-5.1063706143593315;1.0829684184085733
-5.096370614359332;1.0785387510582698
-5.086370614359332;1.0742521601530033
-5.076370614359332;1.0701060940808151
-5.066370614359332;1.0660981074205165
-5.0563706143593325;1.0622258571832022
-5.046370614359333;1.0584870992540996
-5.036370614359333;1.0548796850241295
-5.026370614359333;1.0514015582015068
-5.016370614359333;1.0480507517938318
-5.006370614359334;1.044825385252403
-4.996370614359334;1.0417236617703567
-4.986370614359334;1.038743865727352
-4.976370614359334;1.0358843602736238
-4.9663706143593345;1.0331435850468997
-4.956370614359335;1.0305200540160262
-4.946370614359335;1.028012353445529
-4.936370614359335;1.025619139975856
-4.926370614359335;1.0233391388141806
-4.9163706143593355;1.0211711420311986
-4.906370614359336;1.0191140069595594
-4.896370614359336;1.0171666546898404
-4.886370614359336;1.0153280686603574
-4.876370614359336;1.0135972933372648
-4.866370614359337;1.0119734329817498
-4.856370614359337;1.0104556505012474
-4.846370614359337;1.0090431663819621
-4.836370614359337;1.0077352577000582
-4.8263706143593375;1.0065312572092386
-4.816370614359338;1.005430552502452
-4.806370614359338;1.0044325852458509
-4.796370614359338;1.003536850483118
-4.786370614359338;1.0027428960085847
-4.7763706143593385;1.002050321807683
-4.766370614359339;1.0014587795633996
-4.756370614359339;1.0009679722276572
-4.746370614359339;1.0005776536565794
-4.736370614359339;1.0002876283088304
-4.72637061435934;1.0000977510063502
-4.7223889803846895;1.0000500020834164
-4.71637061435934;1.0000079267569137
-4.71338898038469;1.0000005000002075
-4.712488980384689;1.0000000049999982
-4.71238898038469;0.9999999999999982
-4.71228898038469;1.0000000049999986
-4.711388980384689;1.0000005000002044
-4.70637061435934;1.0000181106381303
-4.70238898038469;1.0000500020834158
-4.69637061435934;1.0001283077426222
-4.68637061435934;1.0003385731842225
-4.676370614359341;1.0006490121652662
-4.666370614359341;1.0010597801050758
-4.656370614359341;1.0015710828299353
-4.646370614359341;1.0021831768250395
-4.6363706143593415;1.0028963695489341
-4.626370614359342;1.003711019811183
-4.616370614359342;1.0046275382141263
-4.606370614359342;1.005646387659777
-4.596370614359342;1.0067680839229824
-4.586370614359343;1.0079931962921598
-4.576370614359343;1.0093223482792033
-4.566370614359343;1.0107562184000713
-4.556370614359343;1.0122955410280081
-4.546370614359343;1.0139411073213578
-4.536370614359344;1.0156937662281738
-4.526370614359344;1.0175544255700681
-4.516370614359344;1.0195240532078509
-4.506370614359344;1.0216036782918518
-4.4963706143593445;1.0237943925999338
-4.486370614359345;1.0260973519664263
-4.476370614359345;1.0285137778058373
-4.466370614359345;1.0310449587346966
-4.456370614359345;1.0336922522960017
-4.4463706143593456;1.0364570867905447
-4.436370614359346;1.0393409632198218
-4.426370614359346;1.0423454573456468
-4.416370614359346;1.0454722218718635
-4.406370614359346;1.0487229887539748
-4.396370614359347;1.0520995716429251
-4.386370614359347;1.0556038684696885
-4.376370614359347;1.0592378641778026
-4.366370614359347;1.0630036336114768
-4.3563706143593475;1.0669033445674367
-4.346370614359348;1.0709392610192958
-4.336370614359348;1.0751137465237426
-4.326370614359348;1.0794292678186597
-4.316370614359348;1.0838883986238428
-4.3063706143593485;1.0884938236558555
-4.296370614359349;1.0932483428693673
-4.286370614359349;1.0981548759381559
-4.276370614359349;1.1032164669899738
-4.266370614359349;1.108436289610492
-4.25637061435935;1.1138176521326226
-4.24637061435935;1.1193640032287764
-4.23637061435935;1.1250789378248476
-4.22637061435935;1.1309662033562249
-4.2163706143593505;1.1370297063875359
-4.206370614359351;1.1432735196195853
-4.196370614359351;1.1497018893087103
-4.186370614359351;1.15631924312568
-4.176370614359351;1.1631301984834865
-4.1663706143593515;1.1701395713655582
-4.156370614359352;1.1773523856885395
-4.146370614359352;1.1847738832364554
-4.136370614359352;1.192409534206016
-4.126370614359352;1.2002650484062194
-4.116370614359353;1.2083463871587428
-4.106370614359353;1.2166597759496873
-4.096370614359353;1.2252117178873532
-4.086370614359353;1.2340090080254458
-4.076370614359353;1.2430587486161595
-4.066370614359354;1.2523683653632038
-4.056370614359354;1.2619456247509708
-4.046370614359354;1.2717986525327771
-4.036370614359354;1.2819359534685502
-4.0263706143593545;1.2923664324105302
-4.016370614359355;1.303099416844539
-4.006370614359355;1.314144681004367
-3.996370614359355;1.325512471687835
-3.9863706143593554;1.3372135359152404
-3.9763706143593556;1.3492591505844551
-3.966370614359356;1.361661154291827
-3.956370614359356;1.3744319815047388
-3.946370614359356;1.387584699290139
-3.9363706143593564;1.4011330468238392
-3.9263706143593566;1.4150914779285215
-3.916370614359357;1.4294752069136616
-3.906370614359357;1.4443002580197433
-3.8963706143593573;1.4595835188001394
-3.8863706143593575;1.475342797811347
-3.8763706143593577;1.4915968870212362
-3.866370614359358;1.508365629390992
-3.856370614359358;1.5256699921371846
-3.8463706143593583;1.5435321462379417
-3.8363706143593586;1.5619755528121182
-3.8263706143593588;1.5810250570738607
-3.816370614359359;1.6007069906482565
-3.806370614359359;1.6210492831282075
-3.7963706143593594;1.642081583860425
-3.7863706143593596;1.6638353950707774
-3.77637061435936;1.6863442175793324
-3.76637061435936;1.70964371051541
-3.7563706143593603;1.7337718666266189
-3.7463706143593605;1.758769204986585
-3.7363706143593607;1.7846789831489036
-3.726370614359361;1.8115474310749553
-3.716370614359361;1.8394240094871093
-3.7063706143593613;1.868361695674616
-3.6963706143593615;1.8984173002158578
-3.6863706143593618;1.929651818589302
-3.676370614359362;1.962130822239903
-3.666370614359362;1.9959248943636054
-3.6563706143593624;2.031110116490787
-3.6463706143593626;2.0677686129128463
-3.636370614359363;2.105989161135504
-3.626370614359363;2.145867877892496
-3.6163706143593632;2.187508991860108
-3.6063706143593635;2.231025716130245
-3.5963706143593637;2.2765412357969863
-3.586370614359364;2.324189828773221
-3.576370614359364;2.374118141287476
-3.5663706143593643;2.4264866435509593
-3.5563706143593645;2.481471296001021
-3.5463706143593647;2.5392654625368745
-3.536370614359365;2.6000821145427806
-3.526370614359365;2.6641563785996354
-3.5163706143593654;2.731748492077877
-3.5063706143593656;2.803147244883185
-3.496370614359366;2.8786740032757834
-3.486370614359366;2.9586874339414475
-3.4763706143593662;3.0435890747319907
-3.4663706143593664;3.1338299345598455
-3.4563706143593667;3.2299183513084717
-3.446370614359367;3.332429396693936
-3.436370614359367;3.4420161954272723
-3.4263706143593673;3.5594236292230717
-3.4163706143593675;3.6855050331966095
-3.4063706143593677;3.821242675754478
-3.396370614359368;3.9677730614899067
-3.386370614359368;4.126418436333786
-3.3763706143593684;4.298726344189143
-3.3663706143593686;4.486519742429675
-3.356370614359369;4.691961117583532
-3.346370614359369;4.917635386942586
-3.336370614359369;5.166658337442536
-3.3263706143593694;5.442820276181669
-3.3163706143593696;5.750778995125282
-3.30637061435937;6.096322999356106
-3.29637061435937;6.486736776316896
-3.2863706143593703;6.931317442763009
-3.2763706143593705;7.442121390882467
-3.2663706143593707;8.035069962312214
-3.256370614359371;8.731633111535848
-3.246370614359371;9.56147720147784
-3.2363706143593713;10.56678900879707
-3.2263706143593716;11.809659962250613
-3.2163706143593718;13.385395312666594
-3.206370614359372;15.448150801193226
-3.196370614359372;18.264649965728132
-3.1863706143593724;22.339879677971663
-3.1763706143593726;28.75963945965104
-3.166370614359373;40.362576290551786
-3.156370614359373;67.67079805807067
-3.151592653589793;100.00166668614135
-3.1463706143593733;209.29510581072967
-3.142592653589793;1000.0001666695117
-3.1416926535897933;10000.000016878972
-3.141592653589793;undefined
-3.141492653589793;-10000.000016389246
-3.1405926535897932;-1000.0001666645389
-3.1363706143593735;-191.49694225537135
-3.1315926535897933;-100.00166668609414
-3.1263706143593737;-65.69675746587575
-3.116370614359374;-39.65206873018016
-3.106370614359374;-28.39718588490018
-3.0963706143593743;-22.120650398926475
-3.0863706143593745;-18.117918867605212
-3.0763706143593748;-15.343116369278764
-3.066370614359375;-13.306521497718009
-3.056370614359375;-11.74826959647916
-3.0463706143593754;-10.51765761761289
-3.0363706143593756;-9.521272095112936
-3.026370614359376;-8.698128631225241
-3.016370614359376;-8.006723270091287
-3.0063706143593762;-7.417829366631861
-2.9963706143593765;-6.910270504182926
-2.9863706143593767;-6.468327361437673
-2.976370614359377;-6.08008626964861
-2.966370614359377;-5.736353261304456
-2.9563706143593773;-5.429919897036671
-2.9463706143593775;-5.155054735016361
-2.9363706143593777;-4.907143477549763
-2.926370614359378;-4.682429438281687
-2.916370614359378;-4.477823149921661
-2.9063706143593784;-4.290760536883654
-2.8963706143593786;-4.119095789714425
-2.886370614359379;-3.9610194236163108
-2.876370614359379;-3.814994874231896
-2.8663706143593792;-3.6797089159213874
-2.8563706143593794;-3.5540325101777266
-2.8463706143593797;-3.4369896110927964
-2.83637061435938;-3.327732102995077
-2.82637061435938;-3.225519508513908
-2.8163706143593803;-3.129702440294775
-2.8063706143593805;-3.0397090146302457
-2.7963706143593807;-2.955033626422277
-2.786370614359381;-2.8752276201542957
-2.776370614359381;-2.7998914934751187
-2.7663706143593814;-2.7286683474766753
-2.7563706143593816;-2.661238357124697
-2.746370614359382;-2.597314081157401
-2.736370614359382;-2.536636466438586
-2.726370614359382;-2.4789714296909264
-2.7163706143593824;-2.4241069215613367
-2.7063706143593826;-2.3718503954414656
-2.696370614359383;-2.3220266174057747
-2.686370614359383;-2.274475764813322
-2.6763706143593833;-2.2290517701393333
-2.6663706143593835;-2.1856208739143836
-2.6563706143593837;-2.1440603566046854
-2.646370614359384;-2.1042574241401146
-2.636370614359384;-2.0661082258016785
-2.6263706143593843;-2.029516986485818
-2.6163706143593846;-1.9943952381017063
-2.6063706143593848;-1.960661137136487
-2.596370614359385;-1.9282388573255673
-2.586370614359385;-1.8970580479591974
-2.5763706143593854;-1.8670533496967048
-2.5663706143593856;-1.8381639608902727
-2.556370614359386;-1.810333248376827
-2.546370614359386;-1.7835083975085495
-2.5363706143593863;-1.7576400968837989
-2.5263706143593865;-1.7326822538303832
-2.5163706143593867;-1.7085917371982575
-2.506370614359387;-1.6853281444523431
-2.496370614359387;-1.6628535904293182
-2.4863706143593873;-1.641132515444038
-2.4763706143593875;-1.6201315107096446
-2.4663706143593878;-1.5998191592765665
-2.456370614359388;-1.5801658909052394
-2.446370614359388;-1.5611438494697294
-2.4363706143593884;-1.5427267716486113
-2.4263706143593886;-1.5248898757985534
-2.416370614359389;-1.5076097600279261
-2.406370614359389;-1.4908643085946551
-2.3963706143593893;-1.4746326058465897
-2.3863706143593895;-1.458894857005458
-2.3763706143593897;-1.4436323151685506
-2.36637061435939;-1.4288272139668785
-2.35637061435939;-1.4144627053757284
-2.3463706143593903;-1.4005228022242637
-2.3363706143593905;-1.3869923249958687
-2.3263706143593907;-1.373856852550969
-2.316370614359391;-1.3611026764399383
-2.306370614359391;-1.3487167585051045
-2.2963706143593914;-1.3366866915000704
-2.2863706143593916;-1.325000662479299
-2.276370614359392;-1.31364741873417
-2.266370614359392;-1.3026162360720686
-2.2563706143593922;-1.2918968892534353
-2.2463706143593924;-1.2814796244182967
-2.2363706143593927;-1.2713551333486675
-2.226370614359393;-1.2615145294266656
-2.216370614359393;-1.251949325160289
-2.2063706143593933;-1.2426514111598024
-2.1963706143593935;-1.233613036457555
-2.1863706143593937;-1.2248267900730703
-2.176370614359394;-1.2162855837333826
-2.166370614359394;-1.2079826356659773
-2.1563706143593944;-1.1999114553884476
-2.1463706143593946;-1.1920658294250523
-2.136370614359395;-1.1844398078859497
-2.126370614359395;-1.1770276918499616
-2.116370614359395;-1.1698240214963203
-2.1063706143593954;-1.1628235649351155
-2.0963706143593956;-1.1560213076899866
-2.086370614359396;-1.1494124427901697
-2.076370614359396;-1.14299236143222
-2.0663706143593963;-1.1367566441747134
-2.0563706143593965;-1.1307010526319454
-2.0463706143593967;-1.124821521635139
-2.036370614359397;-1.119114151831977
-2.026370614359397;-1.1135752026973802
-2.0163706143593974;-1.1082010859303872
-2.0063706143593976;-1.1029883592138028
-1.9963706143593976;-1.0979337203148982
-1.9863706143593975;-1.093034001507012
-1.9763706143593975;-1.0882861642932495
-1.9663706143593975;-1.0836872944148377
-1.9563706143593975;-1.079234597127842
-1.9463706143593975;-1.074925392733096
-1.9363706143593975;-1.070757112345204
-1.9263706143593975;-1.0667272938874461
-1.9163706143593975;-1.0628335783002876
-1.9063706143593975;-1.0590737059520228
-1.8963706143593975;-1.055445513240849
-1.8863706143593975;-1.0519469293783688
-1.8763706143593974;-1.0485759733451876
-1.8663706143593974;-1.0453307510098837
-1.8563706143593974;-1.0422094524032057
-1.8463706143593974;-1.0392103491398905
-1.8363706143593974;-1.0363317919809476
-1.8263706143593974;-1.0335722085298855
-1.8163706143593974;-1.0309301010565073
-1.8063706143593974;-1.0284040444426092
-1.7963706143593974;-1.0259926842441154
-1.7863706143593974;-1.0236947348646115
-1.7763706143593974;-1.0215089778355613
-1.7663706143593974;-1.0194342601988144
-1.7563706143593973;-1.0174694929873158
-1.7463706143593973;-1.0156136498002082
-1.7363706143593973;-1.0138657654687817
-1.7263706143593973;-1.0122249348099934
-1.7163706143593973;-1.0106903114645045
-1.7063706143593973;-1.0092611068164192
-1.6963706143593973;-1.0079365889921208
-1.6863706143593973;-1.0067160819358216
-1.6763706143593973;-1.0055989645596162
-1.6663706143593973;-1.004584669966044
-1.6563706143593973;-1.0036726847413258
-1.6463706143593972;-1.0028625483176319
-1.6363706143593972;-1.0021538524028915
-1.6263706143593972;-1.0015462404768285
-1.6163706143593972;-1.0010394073520614
-1.6063706143593972;-1.0006330987992542
-1.5963706143593972;-1.0003271112354672
-1.5863706143593972;-1.0001212914749875
-1.5807963267948966;-1.0000500020834184
-1.5763706143593972;-1.000015536542077
-1.5717963267948964;-1.0000005000002086
-1.5708963267948965;-1.0000000050000004
-1.5707963267948966;-1.0
-1.5706963267948966;-1.0000000050000004
-1.5697963267948967;-1.0000005000002088
-1.5663706143593972;-1.0000097935452084
-1.5607963267948965;-1.0000500020834184
-1.5563706143593972;-1.0001040596125041
-1.5463706143593972;-1.000298381888231
-1.5363706143593971;-1.0005928575903447
-1.5263706143593971;-1.0009876341292117
-1.5163706143593971;-1.00148290928778
-1.5063706143593971;-1.0020789314636092
-1.496370614359397;-1.0027759999733146
-1.486370614359397;-1.0035744654201104
-1.476370614359397;-1.0044747301253092
-1.466370614359397;-1.0054772486247558
-1.456370614359397;-1.0065825282313445
-1.446370614359397;-1.0077911296649251
-1.436370614359397;-1.0091036677510554
-1.426370614359397;-1.0105208121902305
-1.416370614359397;-1.0120432883994037
-1.406370614359397;-1.013671878427766
-1.396370614359397;-1.0154074219490046
-1.386370614359397;-1.0172508173323132
-1.376370614359397;-1.0192030227948574
-1.366370614359397;-1.0212650576383926
-1.356370614359397;-1.0234380035730912
-1.346370614359397;-1.0257230061318316
-1.336370614359397;-1.0281212761784593
-1.326370614359397;-1.0306340915137968
-1.316370614359397;-1.0332627985834597
-1.306370614359397;-1.0360088142918398
-1.296370614359397;-1.038873627926921
-1.286370614359397;-1.0418588032009497
-1.276370614359397;-1.0449659804123197
-1.266370614359397;-1.0481968787344265
-1.256370614359397;-1.0515532986376492
-1.2463706143593969;-1.055037124451046
-1.2363706143593969;-1.0586503270708278
-1.2263706143593969;-1.0623949668231536
-1.2163706143593969;-1.0662731964893384
-1.2063706143593969;-1.0702872645021198
-1.1963706143593968;-1.074439518322252
-1.1863706143593968;-1.078732408005343
-1.1763706143593968;-1.0831684899695615
-1.1663706143593968;-1.0877504309755892
-1.1563706143593968;-1.0924810123310162
-1.1463706143593968;-1.0973631343322567
-1.1363706143593968;-1.1023998209579942
-1.1263706143593968;-1.1075942248292021
-1.1163706143593968;-1.112949632451879
-1.1063706143593968;-1.1184694697598276
-1.0963706143593968;-1.1241573079760918
-1.0863706143593967;-1.1300168698130684
-1.0763706143593967;-1.136052036032803
-1.0663706143593967;-1.1422668523906223
-1.0563706143593967;-1.1486655369870313
-1.0463706143593967;-1.155252488054716
-1.0363706143593967;-1.1620322922095925
-1.0263706143593967;-1.1690097331971154
-1.0163706143593967;-1.176189801167528
-1.0063706143593967;-1.1835777025164085
-0.9963706143593967;-1.1911788703299018
-0.9863706143593967;-1.1989989754770454
-0.9763706143593966;-1.2070439383952924
-0.9663706143593966;-1.2153199416190394
-0.9563706143593966;-1.2238334431051807
-0.9463706143593966;-1.2325911904142974
-0.9363706143593966;-1.2416002358111116
-0.9263706143593966;-1.2508679523533164
-0.9163706143593966;-1.260402051043982
-0.9063706143593966;-1.2702105991293453
-0.8963706143593966;-1.2803020396311315
-0.8863706143593966;-1.2906852122106
-0.8763706143593966;-1.3013693754703946
-0.8663706143593966;-1.3123642308100811
-0.8563706143593965;-1.3236799479620933
-0.8463706143593965;-1.335327192346803
-0.8363706143593965;-1.3473171543986826
-0.8263706143593965;-1.3596615810302903
-0.8163706143593965;-1.3723728094171181
-0.8063706143593965;-1.3854638033045308
-0.7963706143593965;-1.398948192058243
-0.7863706143593965;-1.4128403127023212
-0.7763706143593965;-1.4271552552138427
-0.7663706143593965;-1.4419089113714414
-0.7563706143593965;-1.4571180274864375
-0.7463706143593964;-1.472800261380452
-0.7363706143593964;-1.4889742440129816
-0.7263706143593964;-1.505659646206845
-0.7163706143593964;-1.5228772509694133
-0.7063706143593964;-1.5406490319639887
-0.6963706143593964;-1.5589982387493297
-0.6863706143593964;-1.5779494894773984
-0.6763706143593964;-1.597528871821021
-0.6663706143593964;-1.6177640529958162
-0.6563706143593964;-1.6386843998460254
-0.6463706143593964;-1.6603211100840622
-0.6363706143593963;-1.6827073559104155
-0.6263706143593963;-1.705878441397337
-0.6163706143593963;-1.729871975199272
-0.6063706143593963;-1.7547280603591948
-0.5963706143593963;-1.7804895032173496
-0.5863706143593963;-1.8072020437026601
-0.5763706143593963;-1.834914609603555
-0.5663706143593963;-1.8636795977817835
-0.5563706143593963;-1.8935531857188999
-0.5463706143593963;-1.9245956772814392
-0.5363706143593963;-1.9568718871704147
-0.5263706143593962;-1.9904515691994569
-0.5163706143593962;-2.0254098943429457
-0.5063706143593962;-2.0618279854341273
-0.4963706143593962;-2.099793516502061
-0.4863706143593962;-2.139401386050294
-0.4763706143593962;-2.180754475142446
-0.4663706143593962;-2.22396450302369
-0.4563706143593962;-2.269152995238446
-0.4463706143593962;-2.316452381885865
-0.43637061435939617;-2.366007246888905
-0.42637061435939616;-2.4179757530697463
-0.41637061435939615;-2.472531272587887
-0.40637061435939614;-2.529864258115865
-0.39637061435939613;-2.59018439726732
-0.3863706143593961;-2.653723101594994
-0.3763706143593961;-2.720736392384245
-0.3663706143593961;-2.7915082590549143
-0.3563706143593961;-2.86635458300351
-0.3463706143593961;-2.9456277411585696
-0.3363706143593961;-3.0297220306999946
-0.32637061435939607;-3.119080091065557
-0.31637061435939606;-3.2142005439037344
-0.30637061435939605;-3.315647129250866
-0.29637061435939605;-3.4240596913268946
-0.28637061435939604;-3.54016746606756
-0.276370614359396;-3.6648052533837987
-0.266370614359396;-3.7989332322307767
-0.256370614359396;-3.943661413127258
-0.246370614359396;-4.100280045739775
-0.236370614359396;-4.270297745094849
-0.22637061435939598;-4.4554897232304596
-0.21637061435939597;-4.657959395588121
-0.20637061435939597;-4.880217898798284
-0.19637061435939596;-5.125287904712107
-0.18637061435939595;-5.396840856244973
-0.17637061435939594;-5.699380889865105
-0.16637061435939593;-6.038495088010647
-0.15637061435939592;-6.4211997543223385
-0.1463706143593959;-6.856428633457445
-0.1363706143593959;-7.355735936641502
-0.1263706143593959;-7.934333159493687
-0.1163706143593959;-8.612660476999805
-0.1063706143593959;-9.418844508283032
-0.09637061435939591;-10.392686276951059
-0.08637061435939591;-11.59241953059997
-0.07637061435939592;-13.106778683334236
-0.06637061435939592;-15.077976353741054
-0.05637061435939592;-17.749137834825277
-0.04637061435939592;-21.573112111072696
-0.03637061435939592;-27.500786607861105
-0.026370614359395916;-37.92539291364087
-0.016370614359395914;-61.087790941193006
-0.01;-100.0016666861113
-0.006370614359395914;-156.97179388646455
-0.001;-1000.0001666666861
-1.0E-4;-10000.000016666665
0.0;undefined
