x;sec
-12.566370614359172;1.0
-12.566270614359173;1.0000000050000004
-12.565370614359173;1.0000005000002086
-12.556370614359173;1.0000500020834182
-12.546370614359173;1.0002000333387566
-12.536370614359173;1.000450168811785
-12.526370614359173;1.000800533680581
-12.516370614359174;1.0012513034084611
-12.506370614359174;1.0018027039585782
-12.496370614359174;1.0024550120706597
-12.486370614359174;1.0032085556005355
-12.476370614359174;1.004063713923216
-12.466370614359175;1.0050209184004555
-12.456370614359175;1.0060806529138737
-12.446370614359175;1.0072434544648663
-12.436370614359175;1.0085099138426943
-12.426370614359175;1.009880676362313
-12.416370614359176;1.0113564426736636
-12.406370614359176;1.0129379696443284
-12.396370614359176;1.0146260713176753
-12.386370614359176;1.0164216199486813
-12.376370614359177;1.018325547120045
-12.366370614359177;1.0203388449411883
-12.356370614359177;1.0224625673331034
-12.346370614359177;1.0246978314021864
-12.336370614359177;1.0270458189064606
-12.326370614359178;1.029507777817843
-12.316370614359178;1.0320850239843826
-12.306370614359178;1.0347789428967005
-12.296370614359178;1.037590991563157
-12.286370614359178;1.0405227004986086
-12.276370614359179;1.0435756758319576
-12.266370614359179;1.0467516015380827
-12.256370614359179;1.0500522418001124
-12.24637061435918;1.053479443508446
-12.23637061435918;1.057035138903369
-12.22637061435918;1.06072134836858
-12.21637061435918;1.0645401833834918
-12.20637061435918;1.0684938496426841
-12.19637061435918;1.0725846503515066
-12.18637061435918;1.0768149897074544
-12.17637061435918;1.081187376577615
-12.166370614359181;1.0857044283832344
-12.156370614359181;1.0903688752032232
-12.146370614359181;1.0951835641092762
-12.136370614359182;1.1001514637462095
-12.126370614359182;1.105275669172078
-12.116370614359182;1.1105594069737221
-12.106370614359182;1.1160060406745407
-12.096370614359182;1.1216190764525151
-12.086370614359183;1.1274021691878726
-12.076370614359183;1.1333591288612168
-12.066370614359183;1.1394939273245424
-12.056370614359183;1.1458107054692528
-12.046370614359184;1.1523137808171537
-12.036370614359184;1.1590076555624207
-12.026370614359184;1.1658970250947147
-12.016370614359184;1.1729867870360138
-12.006370614359184;1.1802820508263203
-11.996370614359185;1.1877881478961998
-11.986370614359185;1.195510642467287
-11.976370614359185;1.203455343025097
-11.966370614359185;1.2116283145123086
-11.956370614359185;1.2200358912946376
-11.946370614359186;1.2286846909558038
-11.936370614359186;1.2375816289829555
-11.926370614359186;1.2467339344091721
-11.916370614359186;1.256149166485479
-11.906370614359187;1.265835232461175
-11.896370614359187;1.2758004065582973
-11.886370614359187;1.2860533502337403
-11.876370614359187;1.2966031338310902
-11.866370614359187;1.307459259733578
-11.856370614359188;1.318631687139958
-11.846370614359188;1.3301308585965539
-11.836370614359188;1.3419677284314195
-11.826370614359188;1.3541537932506147
-11.816370614359188;1.366701124672206
-11.806370614359189;1.3796224044909349
-11.796370614359189;1.392930962485783
-11.786370614359189;1.406640817104138
-11.77637061435919;1.4207667192802267
-11.76637061435919;1.435324199672215
-11.75637061435919;1.4503296196323112
-11.74637061435919;1.4658002262576946
-11.73637061435919;1.4817542119076559
-11.72637061435919;1.498210778614559
-11.71637061435919;1.5151902078636614
-11.70637061435919;1.5327139362703404
-11.696370614359191;1.5508046377435871
-11.686370614359191;1.5694863127928538
-11.676370614359191;1.5887843857125412
-11.666370614359192;1.6087258104660054
-11.656370614359192;1.6293391861904902
-11.646370614359192;1.6506548833575574
-11.636370614359192;1.6727051817529615
-11.626370614359193;1.6955244215873044
-11.616370614359193;1.7191491692179584
-11.606370614359193;1.743618399156596
-11.596370614359193;1.7689736942596306
-11.586370614359193;1.795259466255805
-11.576370614359194;1.822523199061872
-11.566370614359194;1.850815717680864
-11.556370614359194;1.880191485876066
-11.546370614359194;1.910708936277621
-11.536370614359194;1.9424308371196533
-11.526370614359195;1.975424700438501
-11.516370614359195;2.0097632373046834
-11.506370614359195;2.045524866534011
-11.496370614359195;2.082794284352868
-11.486370614359195;2.1216631037111515
-11.476370614359196;2.1622305733828417
-11.466370614359196;2.204604388717258
-11.456370614359196;2.248901607963588
-11.446370614359196;2.2952496905620734
-11.436370614359197;2.3437876767704484
-11.426370614359197;2.394667531591043
-11.416370614359197;2.448055680330046
-11.406370614359197;2.504134768443073
-11.396370614359197;2.5631056848390146
-11.386370614359198;2.625189895833113
-11.376370614359198;2.6906321468542616
-11.366370614359198;2.759703601332229
-11.356370614359198;2.8327055015841305
-11.346370614359198;2.9099734558630077
-11.336370614359199;2.991882480182823
-11.326370614359199;3.078852954638471
-11.316370614359199;3.1713576937698504
-11.3063706143592;3.2699303818837153
-11.2963706143592;3.375175690980144
-11.2863706143592;3.487781486317268
-11.2763706143592;3.60853364004359
-11.2663706143592;3.7383341270750696
-11.2563706143592;3.8782232841998776
-11.2463706143592;4.029407394413132
-11.2363706143592;4.1932931445370585
-11.226370614359201;4.371531040778324
-11.216370614359201;4.566070622195375
-11.206370614359201;4.779231389856007
-11.196370614359202;5.013794930362553
-11.186370614359202;5.273126009605645
-11.176370614359202;5.561333853323959
-11.166370614359202;5.883490084826326
-11.156370614359203;6.2459279846273414
-11.146370614359203;6.656660821814563
-11.136370614359203;7.12597845628544
-11.126370614359203;7.667317619432897
-11.116370614359203;8.298564466606827
-11.106370614359204;9.044062506292615
-11.096370614359204;9.937815768799764
-11.086370614359204;11.028808691888786
-11.076370614359204;12.390276596131587
-11.066370614359204;14.136832902963539
-11.056370614359205;16.458499233860312
-11.046370614359205;19.694931446523135
-11.036370614359205;24.51881143481062
-11.026370614359205;32.47653829332092
-11.016370614359206;48.08888101731244
-11.006370614359206;92.62589453225186
-11.005574287564276;100.00166668611344
-10.996574287564275;1000.0001666672404
-10.996370614359206;1255.7659896114317
-10.995674287564276;10000.000016689972
-10.995574287564276;undefined
-10.995474287564276;-10000.00001469083
-10.994574287564276;-1000.0001666399749
-10.986370614359206;-108.65380547401047
-10.985574287564276;-100.00166668593324
-10.976370614359206;-52.07657178263145
-10.966370614359207;-34.24713561003684
-10.956370614359207;-25.51434900936233
-10.946370614359207;-20.33188884233606
-10.936370614359207;-16.90071517457032
-10.926370614359207;-14.461640419485809
-10.916370614359208;-12.638887341659583
-10.906370614359208;-11.225181790567337
-10.896370614359208;-10.096824855053327
-10.886370614359208;-9.17542709961018
-10.876370614359208;-8.40890349761534
-10.866370614359209;-7.7612939960516405
-10.856370614359209;-7.206971652086141
-10.84637061435921;-6.727179879910963
-10.83637061435921;-6.307874725208112
-10.82637061435921;-5.9383322739103495
-10.81637061435921;-5.610222320804501
-10.80637061435921;-5.316975795035073
-10.79637061435921;-5.05334271659297
-10.78637061435921;-4.815076931706451
-10.77637061435921;-4.598707141850821
-10.76637061435921;-4.401367871854136
-10.756370614359211;-4.220672836664297
-10.746370614359211;-4.054618797214795
-10.736370614359211;-3.901511671569016
-10.726370614359212;-3.759909114387871
-10.716370614359212;-3.6285754358966544
-10.706370614359212;-3.50644587365098
-10.696370614359212;-3.3925980289738313
-10.686370614359213;-3.286228846067519
-10.676370614359213;-3.1866359183167954
-10.666370614359213;-3.093202201672981
-10.656370614359213;-3.005383432015054
-10.646370614359213;-2.9226977044588267
-10.636370614359214;-2.8447167933038693
-10.626370614359214;-2.7710588825982048
-10.616370614359214;-2.7013824469240237
-10.606370614359214;-2.6353810755324583
-10.596370614359214;-2.5727790744127104
-10.586370614359215;-2.513327713217805
-10.576370614359215;-2.456802009368241
-10.566370614359215;-2.402997961722603
-10.556370614359215;-2.351730162164238
-10.546370614359216;-2.302829726213052
-10.536370614359216;-2.2561424940302586
-10.526370614359216;-2.2115274614773965
-10.516370614359216;-2.1688554076238793
-10.506370614359216;-2.1280076905937135
-10.496370614359217;-2.088875188146094
-10.486370614359217;-2.051357363093874
-10.476370614359217;-2.0153614367288175
-10.466370614359217;-1.9808016559673585
-10.456370614359217;-1.9475986420502496
-10.446370614359218;-1.9156788104011913
-10.436370614359218;-1.884973852737545
-10.426370614359218;-1.8554202737769503
-10.416370614359218;-1.8269589759424236
-10.406370614359219;-1.799534886363014
-10.396370614359219;-1.7730966212292567
-10.386370614359219;-1.7475961832121625
-10.37637061435922;-1.722988688206522
-10.36637061435922;-1.6992321181375096
-10.35637061435922;-1.6762870969764114
-10.34637061435922;-1.6541166874621993
-10.33637061435922;-1.6326862063316414
-10.32637061435922;-1.6119630561209708
-10.31637061435922;-1.5919165718320267
-10.30637061435922;-1.5725178809530223
-10.29637061435922;-1.5537397754971962
-10.286370614359221;-1.535556594873146
-10.276370614359221;-1.517944118533132
-10.266370614359221;-1.5008794674603587
-10.256370614359222;-1.484341013658903
-10.246370614359222;-1.4683082968983483
-10.236370614359222;-1.4527619480446208
-10.226370614359222;-1.4376836183777641
-10.216370614359223;-1.4230559143590666
-10.206370614359223;-1.4088623373642133
-10.196370614359223;-1.3950872279479776
-10.186370614359223;-1.3817157142482772
-10.176370614359223;-1.3687336641765375
-10.166370614359224;-1.3561276410744196
-10.156370614359224;-1.3438848625484925
-10.146370614359224;-1.331993162220698
-10.136370614359224;-1.3204409541574964
-10.126370614359224;-1.3092171997621804
-10.116370614359225;-1.2983113769343775
-10.106370614359225;-1.2877134513185056
-10.096370614359225;-1.2774138494789908
-10.086370614359225;-1.267403433853859
-10.076370614359226;-1.2576734793517894
-10.066370614359226;-1.24821565146887
-10.056370614359226;-1.2390219858122624
-10.046370614359226;-1.2300848689271056
-10.036370614359226;-1.2213970203319189
-10.026370614359227;-1.2129514756755613
-10.016370614359227;-1.2047415709357292
-10.006370614359227;-1.1967609275857667
-9.996370614359227;-1.189003438662041
-9.986370614359227;-1.1814632556699702
-9.976370614359228;-1.17413477627133
-9.966370614359228;-1.167012632699904
-9.956370614359228;-1.1600916808570936
-9.946370614359228;-1.153366990042115
-9.936370614359229;-1.1468338332755086
-9.926370614359229;-1.140487678177231
-9.916370614359229;-1.1343241783640738
-9.90637061435923;-1.128339165333055
-9.89637061435923;-1.1225286408005963
-9.88637061435923;-1.1168887694688725
-9.87637061435923;-1.1114158721932563
-9.86637061435923;-1.1061064195263715
-9.85637061435923;-1.1009570256159804
-9.84637061435923;-1.0959644424358548
-9.83637061435923;-1.0911255543298082
-9.82637061435923;-1.0864373728507357
-9.816370614359231;-1.0818970318777679
-9.806370614359231;-1.0775017829955014
-9.796370614359232;-1.0732489911207654
-9.786370614359232;-1.0691361303632112
-9.776370614359232;-1.0651607801064833
-9.766370614359232;-1.0613206212987318
-9.756370614359232;-1.0576134329405937
-9.746370614359233;-1.0540370887607484
-9.736370614359233;-1.050589554068986
-9.726370614359233;-1.047268882777863
-9.716370614359233;-1.0440732145844387
-9.706370614359233;-1.0410007723041217
-9.696370614359234;-1.0380498593492478
-9.686370614359234;-1.0352188573454806
-9.676370614359234;-1.0325062238795093
-9.666370614359234;-1.0299104903720953
-9.656370614359234;-1.0274302600707381
-9.646370614359235;-1.025064206156763
-9.636370614359235;-1.0228110699618622
-9.626370614359235;-1.0206696592895688
-9.616370614359235;-1.0186388468373226
-9.606370614359236;-1.016717568715216
-9.596370614359236;-1.014904823057667
-9.586370614359236;-1.013199668724621
-9.576370614359236;-1.0116012240890855
-9.566370614359236;-1.0101086659079985
-9.556370614359237;-1.0087212282737863
-9.546370614359237;-1.0074382016440009
-9.536370614359237;-1.0062589319468058
-9.526370614359237;-1.0051828197601003
-9.516370614359237;-1.0042093195624573
-9.506370614359238;-1.0033379390540385
-9.496370614359238;-1.002568238545894
-9.486370614359238;-1.0018998304163047
-9.476370614359238;-1.0013323786328754
-9.466370614359239;-1.000865598339209
-9.456370614359239;-1.0004992555053511
-9.446370614359239;-1.000233166641079
-9.43637061435924;-1.0000671985714504
-9.43477796076938;-1.0000500020834164
-9.42637061435924;-1.0000012682740678
-9.425777960769379;-1.0000005000002063
-9.42487796076938;-1.0000000049999982
-9.42477796076938;-0.9999999999999982
-9.42467796076938;-1.0000000049999986
-9.42377796076938;-1.0000005000002075
-9.41637061435924;-1.0000353427777224
-9.41477796076938;-1.0000500020834158
-9.40637061435924;-1.0001694391221514
-9.39637061435924;-1.0004036243788206
-9.38637061435924;-1.0007380157328214
-9.37637061435924;-1.001172780626004
-9.36637061435924;-1.0017081369617333
-9.356370614359241;-1.0023443533716956
-9.346370614359241;-1.0030817495453548
-9.336370614359241;-1.0039206966228869
-9.326370614359242;-1.0048616176523673
-9.316370614359242;-1.0059049881124027
-9.306370614359242;-1.0070513365013078
-9.296370614359242;-1.0083012449942208
-9.286370614359242;-1.009655350169734
-9.276370614359243;-1.0111143438076675
-9.266370614359243;-1.0126789737599176
-9.256370614359243;-1.0143500448964107
-9.246370614359243;-1.0161284201284198
-9.236370614359243;-1.0180150215116972
-9.226370614359244;-1.0200108314320921
-9.216370614359244;-1.0221168938765204
-9.206370614359244;-1.024334315792417
-9.196370614359244;-1.0266642685389393
-9.186370614359245;-1.0291079894337893
-9.176370614359245;-1.03166678339919
-9.166370614359245;-1.0343420247114363
-9.156370614359245;-1.0371351588584443
-9.146370614359245;-1.0400477045100662
-9.136370614359246;-1.0430812556063687
-9.126370614359246;-1.0462374835693524
-9.116370614359246;-1.0495181396440574
-9.106370614359246;-1.052925057375361
-9.096370614359246;-1.056460155227232
-9.086370614359247;-1.0601254393517265
-9.076370614359247;-1.0639230065154486
-9.066370614359247;-1.067855047191789
-9.056370614359247;-1.0719238488278604
-9.046370614359247;-1.0761317992956048
-9.036370614359248;-1.0804813905372865
-9.026370614359248;-1.0849752224163192
-9.016370614359248;-1.0896160067850638
-9.006370614359248;-1.0944065717821772
-8.996370614359249;-1.0993498663729404
-8.986370614359249;-1.104448965146993
-8.976370614359249;-1.1097070733889185
-8.96637061435925;-1.1151275324382885
-8.95637061435925;-1.1207138253570355
-8.94637061435925;-1.1264695829232345
-8.93637061435925;-1.132398589971981
-8.92637061435925;-1.138504792105435
-8.91637061435925;-1.1447923027959257
-8.90637061435925;-1.151265410907762
-8.89637061435925;-1.1579285886654096
-8.886370614359251;-1.164786500097854
-8.876370614359251;-1.171844009991354
-8.866370614359251;-1.1791061933852311
-8.856370614359252;-1.1865783456483183
-8.846370614359252;-1.1942659931765363
-8.836370614359252;-1.202174904755521
-8.826370614359252;-1.2103111036357839
-8.816370614359252;-1.2186808803718632
-8.806370614359253;-1.2272908064812773
-8.796370614359253;-1.2361477489838033
-8.786370614359253;-1.2452588858868652
-8.776370614359253;-1.25463172268847
-8.766370614359253;-1.264274109975477
-8.756370614359254;-1.274194262201809
-8.746370614359254;-1.284400777738904
-8.736370614359254;-1.2949026602989988
-8.726370614359254;-1.305709341841148
-8.716370614359255;-1.316830707079999
-8.706370614359255;-1.3282771197287226
-8.696370614359255;-1.3400594506199073
-8.686370614359255;-1.3521891078620611
-8.676370614359255;-1.3646780692047904
-8.666370614359256;-1.3775389168026597
-8.656370614359256;-1.3907848745867677
-8.646370614359256;-1.4044298484741524
-8.636370614359256;-1.4184884696687385
-8.626370614359256;-1.4329761413338393
-8.616370614359257;-1.4479090889451431
-8.606370614359257;-1.4633044146670757
-8.596370614359257;-1.4791801561311138
-8.586370614359257;-1.4955553500368177
-8.576370614359258;-1.512450101042659
-8.566370614359258;-1.529885656466221
-8.556370614359258;-1.547884487372519
-8.546370614359258;-1.5664703766961163
-8.536370614359258;-1.5856685151183578
-8.526370614359259;-1.605505605506879
-8.516370614359259;-1.6260099768220866
-8.506370614359259;-1.6472117085061948
-8.49637061435926;-1.6691427664968943
-8.48637061435926;-1.69183715215229
-8.47637061435926;-1.7153310655389882
-8.46637061435926;-1.739663084725002
-8.45637061435926;-1.7648743629371642
-8.44637061435926;-1.7910088456937987
-8.43637061435926;-1.8181135103134773
-8.42637061435926;-1.8462386305360963
-8.416370614359261;-1.8754380693819126
-8.406370614359261;-1.9057696038267173
-8.396370614359261;-1.9372952853991223
-8.386370614359262;-1.9700818414230514
-8.376370614359262;-2.004201122351629
-8.366370614359262;-2.039730601489163
-8.356370614359262;-2.076753934400542
-8.346370614359262;-2.1153615864932642
-8.336370614359263;-2.155651538664626
-8.326370614359263;-2.1977300825818507
-8.316370614359263;-2.2417127191642763
-8.306370614359263;-2.2877251762364894
-8.296370614359263;-2.335904564208769
-8.286370614359264;-2.3864006921302057
-8.276370614359264;-2.4393775706919985
-8.266370614359264;-2.4950151339141207
-8.256370614359264;-2.5535112175577255
-8.246370614359265;-2.6150838400615473
-8.236370614359265;-2.679973841382126
-8.226370614359265;-2.74844794701493
-8.216370614359265;-2.820802339325186
-8.206370614359265;-2.8973668369626004
-8.196370614359266;-2.978509806679822
-8.186370614359266;-3.0646439617964956
-8.176370614359266;-3.1562332398251747
-8.166370614359266;-3.253801001077193
-8.156370614359266;-3.357939854041827
-8.146370614359267;-3.4693234969998854
-8.136370614359267;-3.588721075665774
-8.126370614359267;-3.7170147034407295
-8.116370614359267;-3.8552209879968498
-8.106370614359268;-4.004517675346294
-8.096370614359268;-4.166276889284465
-8.086370614359268;-4.342106952859676
-8.076370614359268;-4.533905493180562
-8.066370614359268;-4.743927548366539
-8.056370614359269;-4.974873865416852
-8.046370614359269;-5.230006735379944
-8.036370614359269;-5.513303934510309
-8.02637061435927;-5.829666244667813
-8.01637061435927;-6.185201649028249
-8.00637061435927;-6.587621423970302
-7.99637061435927;-7.046803136539021
-7.98637061435927;-7.575608797959801
-7.97637061435927;-8.191104108919378
-7.9663706143592705;-8.91642861135235
-7.956370614359271;-9.783761750239487
-7.946370614359271;-10.839215179300757
-7.936370614359271;-12.151287901691576
-7.926370614359271;-13.82632950005892
-7.916370614359272;-16.03887448324767
-7.906370614359272;-19.096717923835655
-7.896370614359272;-23.598103201650318
-7.886370614359272;-30.8800971974754
-7.876370614359272;-44.66856159169729
-7.866370614359273;-80.71895753626646
-7.863981633974483;-100.00166668614135
-7.856370614359273;-418.589017127519
-7.854981633974483;-1000.0001666680216
-7.854081633974483;-10000.00001693438
-7.853981633974483;undefined
-7.853881633974483;10000.000016447115
-7.8529816339744825;1000.0001666634071
-7.846370614359273;131.3897092933232
-7.843981633974483;100.00166668609414
-7.836370614359273;56.7855646666806
-7.8263706143592735;36.222026083812636
-7.816370614359274;26.594221958030317
-7.806370614359274;21.011478215634735
-7.796370614359274;17.36739590019066
-7.786370614359274;14.80176289611566
-7.776370614359275;12.897712497864555
-7.766370614359275;11.42870420538307
-7.756370614359275;10.26103155261638
-7.746370614359275;9.310688033468098
-7.736370614359275;8.522238146433242
-7.726370614359276;7.8576228267734285
-7.716370614359276;7.289845840063594
-7.706370614359276;6.799226490839494
-7.696370614359276;6.371078865273784
-7.6863706143592765;5.994221839283185
-7.676370614359277;5.659992431052653
-7.666370614359277;5.361574693927545
-7.656370614359277;5.093532375412118
-7.646370614359277;4.851476638660261
-7.6363706143592776;4.631825400246558
-7.626370614359278;4.431626108342897
-7.616370614359278;4.248423271812235
-7.606370614359278;4.080158089069498
-7.596370614359278;3.925091454319997
-7.586370614359279;3.781744226268592
-7.576370614359279;3.648850406544106
-7.566370614359279;3.525320085817349
-7.556370614359279;3.4102098601892052
-7.5463706143592795;3.302699017913582
-7.53637061435928;3.2020702246993706
-7.52637061435928;3.107693746390947
-7.51637061435928;3.019014475587439
-7.50637061435928;2.935541197561027
-7.4963706143592805;2.8568376571455056
-7.486370614359281;2.782515083657054
-7.476370614359281;2.712225903563121
-7.466370614359281;2.6456584264000904
-7.456370614359281;2.582532332597898
-7.446370614359282;2.522594825498374
-7.436370614359282;2.465617336235159
-7.426370614359282;2.41139269097177
-7.416370614359282;2.3597326665393656
-7.4063706143592825;2.31046587373415
-7.396370614359283;2.2634359181529025
-7.386370614359283;2.2184997970201854
-7.376370614359283;2.1755264974196344
-7.366370614359283;2.134395767016559
-7.3563706143592835;2.0949970330071714
-7.346370614359284;2.057228448853998
-7.336370614359284;2.020996051526214
-7.326370614359284;1.9862130145839418
-7.316370614359284;1.9527989846271774
-7.306370614359285;1.920679490453143
-7.296370614359285;1.8897854157947123
-7.286370614359285;1.8600525277989375
-7.276370614359285;1.8314210544907497
-7.266370614359285;1.8038353053864926
-7.256370614359286;1.7772433302031851
-7.246370614359286;1.7515966112747994
-7.236370614359286;1.7268497858553176
-7.226370614359286;1.7029603949753398
-7.2163706143592865;1.6798886559371706
-7.206370614359287;1.657597255893489
-7.196370614359287;1.6360511642654374
-7.186370614359287;1.6152174620249766
-7.176370614359287;1.5950651860994796
-7.166370614359288;1.5755651873592542
-7.156370614359288;1.5566900008251978
-7.146370614359288;1.538413726887891
-7.136370614359288;1.5207119224641341
-7.126370614359288;1.5035615011350956
-7.116370614359289;1.486940641413844
-7.106370614359289;1.4708287023812794
-7.096370614359289;1.4552061460098384
-7.086370614359289;1.4400544655652578
-7.0763706143592895;1.4253561195394508
-7.06637061435929;1.4110944706230988
-7.05637061435929;1.3972537292758347
-7.04637061435929;1.3838189014957316
-7.03637061435929;1.3707757404287424
-7.026370614359291;1.3581107014936262
-7.016370614359291;1.34581090072848
-7.006370614359291;1.3338640760934248
-6.996370614359291;1.32225855148809
-6.986370614359291;1.3109832032651836
-6.976370614359292;1.300027429041287
-6.966370614359292;1.289381118623922
-6.956370614359292;1.2790346268901038
-6.946370614359292;1.2689787484661166
-6.9363706143592925;1.2592046940713422
-6.926370614359293;1.2497040684008478
-6.916370614359293;1.2404688494320995
-6.906370614359293;1.2314913690508844
-6.896370614359293;1.2227642949002773
-6.8863706143592935;1.2142806133644706
-6.876370614359294;1.2060336136064915
-6.866370614359294;1.1980168725854214
-6.856370614359294;1.1902242409846826
-6.846370614359294;1.182649829988436
-6.836370614359295;1.1752879988480665
-6.826370614359295;1.1681333431852687
-6.816370614359295;1.1611806839824
-6.806370614359295;1.1544250572145196
-6.7963706143592955;1.1478617040810213
-6.786370614359296;1.1414860617979137
-6.776370614359296;1.1352937549147244
-6.766370614359296;1.1292805871226566
-6.756370614359296;1.1234425335230867
-6.7463706143592965;1.117775733327725
-6.736370614359297;1.112276482963852
-6.726370614359297;1.1069412295599186
-6.716370614359297;1.1017665647885846
-6.706370614359297;1.096749219045864
-6.696370614359298;1.0918860559465493
-6.686370614359298;1.0871740671174588
-6.676370614359298;1.0826103672713385
-6.666370614359298;1.0781921895454072
-6.656370614359298;1.073916881089651
-6.646370614359299;1.0697818988909569
-6.636370614359299;1.0657848058201294
-6.626370614359299;1.0619232668897083
-6.616370614359299;1.0581950457112863
-6.6063706143592995;1.0545980011418115
-6.5963706143593;1.0511300841090279
-6.5863706143593;1.0477893346068707
-6.5763706143593;1.044573878852243
-6.5663706143593;1.0414819265951465
-6.556370614359301;1.0385117685746987
-6.546370614359301;1.0356617741139813
-6.536370614359301;1.0329303888473091
-6.526370614359301;1.0303161325736534
-6.516370614359301;1.027817597230634
-6.506370614359302;1.025433444983715
-6.496370614359302;1.0231624064256406
-6.486370614359302;1.0210032788814754
-6.476370614359302;1.0189549248149345
-6.4663706143593025;1.0170162703319792
-6.456370614359303;1.0151863037779338
-6.446370614359303;1.0134640744246464
-6.436370614359303;1.0118486912444669
-6.426370614359303;1.0103393217680499
-6.416370614359304;1.008935191023219
-6.406370614359304;1.0076355805523405
-6.396370614359304;1.0064398275058626
-6.386370614359304;1.0053473238098678
-6.376370614359304;1.0043575154056779
-6.366370614359305;1.0034699015597268
-6.356370614359305;1.0026840342420915
-6.346370614359305;1.0019995175722376
-6.336370614359305;1.0014160073306981
-6.3263706143593055;1.0009332105355613
-6.316370614359306;1.0005508850827927
-6.306370614359306;1.0002688394495705
-6.296370614359306;1.0000869324599555
-6.293185307179586;1.0000500020834184
-6.286370614359306;1.000005073112362
-6.284185307179587;1.0000005000002086
-6.283285307179586;1.0000000050000004
-6.283185307179586;1.0
-6.2830853071795865;1.0000000050000004
-6.282185307179586;1.0000005000002088
-6.2763706143593065;1.0000232204684338
-6.2731853071795864;1.0000500020834182
-6.266370614359307;1.0001413836030801
-6.256370614359307;1.0003596216155488
-6.246370614359307;1.0006780437015692
-6.236370614359307;1.0010968092867236
-6.226370614359308;1.0016161282213547
-6.216370614359308;1.0022362610374513
-6.206370614359308;1.002957519268095
-6.196370614359308;1.003780265830204
-6.1863706143593085;1.004704915471446
-6.176370614359309;1.0057319352823517
-6.166370614359309;1.0068618452748082
-6.156370614359309;1.008095219028268
-6.146370614359309;1.009432684405188
-6.1363706143593095;1.0108749243373572
-6.12637061435931;1.012422677684971
-6.11637061435931;1.014076740170471
-6.10637061435931;1.015837965389405
-6.09637061435931;1.0177072659006445
-6.086370614359311;1.0196856143986972
-6.076370614359311;1.021774044970872
-6.066370614359311;1.0239736544424163
-6.056370614359311;1.026285603812922
-6.0463706143593114;1.0287111197875876
-6.036370614359312;1.0312514964071675
-6.026370614359312;1.0339080967807457
-6.016370614359312;1.036682354925756
-6.006370614359312;1.0395757777200114
-5.9963706143593125;1.0425899469708253
-5.986370614359313;1.0457265216066967
-5.976370614359313;1.048987239997387
-5.966370614359313;1.0523739224086683
-5.956370614359313;1.0558884735984218
-5.946370614359314;1.0595328855612718
-5.936370614359314;1.0633092404294284
-5.926370614359314;1.0672197135379493
-5.916370614359314;1.0712665766632217
-5.906370614359314;1.0754522014440768
-5.896370614359315;1.079779062995623
-5.886370614359315;1.0842497437265906
-5.876370614359315;1.0888669373717643
-5.866370614359315;1.0936334532519005
-5.8563706143593155;1.0985522207744174
-5.846370614359316;1.1036262941891208
-5.836370614359316;1.1088588576142528
-5.826370614359316;1.1142532303492847
-5.816370614359316;1.1198128724920802
-5.806370614359317;1.125541390879367
-5.796370614359317;1.1314425453708807
-5.786370614359317;1.1375202554990704
-5.776370614359317;1.1437786075079288
-5.766370614359317;1.1502218618063198
-5.756370614359318;1.1568544608631253
-5.746370614359318;1.1636810375736875
-5.736370614359318;1.170706424129317
-5.726370614359318;1.1779356614241856
-5.7163706143593185;1.1853740090366278
-5.706370614359319;1.1930269558249815
-5.696370614359319;1.2009002311811925
-5.686370614359319;1.2089998169891574
-5.676370614359319;1.217331960338582
-5.6663706143593195;1.2259031870494383
-5.65637061435932;1.2347203160667828
-5.64637061435932;1.2437904747908246
-5.63637061435932;1.2531211154127724
-5.62637061435932;1.2627200323331667
-5.616370614359321;1.2725953807462025
-5.606370614359321;1.2827556964810438
-5.596370614359321;1.29320991719936
-5.586370614359321;1.3039674050574248
-5.5763706143593215;1.3150379709511506
-5.566370614359322;1.326431900473533
-5.556370614359322;1.338159981726264
-5.546370614359322;1.3502335351408785
-5.536370614359322;1.3626644454798924
-5.5263706143593225;1.3754651962051585
-5.516370614359323;1.3886489064192922
-5.506370614359323;1.402229370606783
-5.496370614359323;1.4162211014245338
-5.486370614359323;1.4306393758173908
-5.476370614359324;1.4455002847630953
-5.466370614359324;1.460820786983394
-5.456370614359324;1.476618766994256
-5.446370614359324;1.4929130979088212
-5.4363706143593244;1.5097237094523908
-5.426370614359325;1.5270716617002609
-5.416370614359325;1.5449792251072476
-5.406370614359325;1.563469967463341
-5.396370614359325;1.5825688484841187
-5.3863706143593255;1.6023023228286914
-5.376370614359326;1.622698452433487
-5.366370614359326;1.6437870291587546
-5.356370614359326;1.6655997088687018
-5.346370614359326;1.6881701582074327
-5.336370614359327;1.7115342154948023
-5.326370614359327;1.73573006735182
-5.316370614359327;1.7607984428784689
-5.306370614359327;1.786782827452292
-5.296370614359327;1.8137296984994769
-5.286370614359328;1.8416887859179463
-5.276370614359328;1.8707133602120285
-5.266370614359328;1.9008605518401602
-5.256370614359328;1.9321917057919693
-5.2463706143593285;1.9647727760128566
-5.236370614359329;1.9986747649992358
-5.226370614359329;2.033974214716171
-5.216370614359329;2.07075375596564
-5.206370614359329;2.10910272448807
-5.19637061435933;2.1491178534488777
-5.18637061435933;2.190904053590811
-5.17637061435933;2.234575294277925
-5.16637061435933;2.2802556009876667
-5.15637061435933;2.32808018761064
-5.146370614359331;2.378196745302013
-5.136370614359331;2.430766913731361
-5.126370614359331;2.4859679655724918
-5.116370614359331;2.5439947411823383
-5.1063706143593315;2.605061877920714
-5.096370614359332;2.669406387823906
-5.086370614359332;2.7372906488352142
-5.076370614359332;2.809005889126361
-5.066370614359332;2.8848762620186874
-5.0563706143593325;2.9652636316905574
-5.046370614359333;3.0505732186462433
-5.036370614359333;3.1412602907076344
-5.026370614359333;3.2378381326206287
-5.016370614359333;3.340887588711741
-5.006370614359334;3.4510685531539775
-4.996370614359334;3.5691338879174483
-4.986370614359334;3.6959463886576165
-4.976370614359334;3.8324996067625725
-4.9663706143593345;3.979943590357084
-4.956370614359335;4.139616955545642
-4.946370614359335;4.313087181704284
-4.936370614359335;4.502201701047066
-4.926370614359335;4.709153313607622
-4.9163706143593355;4.936564843661908
-4.906370614359336;5.187599981037396
-4.896370614359336;5.466110269944654
-4.886370614359336;5.776832788972996
-4.876370614359336;6.125660161145812
-4.866370614359337;6.520015775256849
-4.856370614359337;6.969385369383795
-4.846370614359337;7.486086669510316
-4.836370614359337;8.086411489112043
-4.8263706143593375;8.792369030658481
-4.816370614359338;9.634435115639683
-4.806370614359338;10.656056585216858
-4.796370614359338;11.921373833550115
-4.786370614359338;13.529206409083566
-4.7763706143593385;15.640153880735397
-4.766370614359339;18.53381902260947
-4.756370614359339;22.744095199009067
-4.746370614359339;29.433325226565533
-4.736370614359339;41.70257375360887
-4.72637061435934;71.52472905319982
-4.7223889803846895;100.00166668611344
-4.71637061435934;251.1538349849477
-4.71338898038469;1000.0001666663521
-4.712488980384689;10000.000016689972
-4.71238898038469;undefined
-4.71228898038469;-10000.00001469083
-4.711388980384689;-1000.0001666533595
-4.70637061435934;-166.15905921929914
-4.70238898038469;-100.00166668593324
-4.69637061435934;-62.43100977786871
-4.68637061435934;-38.43872569981413
-4.676370614359341;-27.769617657689654
-4.666370614359341;-21.73812592572406
-4.656370614359341;-17.860628077635536
-4.646370614359341;-15.158308723637505
-4.6363706143593415;-13.1673940662411
-4.626370614359342;-11.639773049019027
-4.616370614359342;-10.430694497384467
-4.606370614359342;-9.450020903443697
-4.596370614359342;-8.638691779037684
-4.586370614359343;-7.956393302477524
-4.576370614359343;-7.3746670924931665
-4.566370614359343;-6.872850636698146
-4.556370614359343;-6.435578909923585
-4.546370614359343;-6.051188922190031
-4.536370614359344;-5.710668114027541
-4.526370614359344;-5.406941945634488
-4.516370614359344;-5.134379550558213
-4.506370614359344;-4.888443360916307
-4.4963706143593445;-4.665436050673308
-4.486370614359345;-4.46231465667018
-4.476370614359345;-4.27655195334739
-4.466370614359345;-4.106031635994413
-4.456370614359345;-3.948968068668261
-4.4463706143593456;-3.803844132843301
-4.436370614359346;-3.669362586330274
-4.426370614359346;-3.5444076259710977
-4.416370614359346;-3.4280142411981562
-4.406370614359346;-3.31934357634894
-4.396370614359347;-3.2176629707531825
-4.386370614359347;-3.122329672224363
-4.376370614359347;-3.0327774587016685
-4.366370614359347;-2.9485055797214126
-4.3563706143593475;-2.869069561595159
-4.346370614359348;-2.7940735198648383
-4.336370614359348;-2.723163698439485
-4.326370614359348;-2.656023012969029
-4.316370614359348;-2.5923664209462274
-4.3063706143593485;-2.5319369760048276
-4.296370614359349;-2.474502451288754
-4.286370614359349;-2.4198524383885767
-4.276370614359349;-2.3677958454947783
-4.266370614359349;-2.318158732113814
-4.25637061435935;-2.270782428683791
-4.24637061435935;-2.2255218982950074
-4.23637061435935;-2.1822443049138887
-4.22637061435935;-2.1408277583676667
-4.2163706143593505;-2.101160211145027
-4.206370614359351;-2.0631384860112885
-4.196370614359351;-2.026667416692795
-4.186370614359351;-1.9916590865839325
-4.176370614359351;-1.958032152675787
-4.1663706143593515;-1.9257112437807897
-4.156370614359352;-1.8946264237009933
-4.146370614359352;-1.8647127113069177
-4.136370614359352;-1.8359096506125858
-4.126370614359352;-1.8081609248737596
-4.116370614359353;-1.7814140095394133
-4.106370614359353;-1.7556198595696377
-4.096370614359353;-1.7307326272132884
-4.086370614359353;-1.7067094068407334
-4.076370614359353;-1.683510003854087
-4.066370614359354;-1.6610967250655921
-4.056370614359354;-1.6394341882540802
-4.046370614359354;-1.6184891488835953
-4.036370614359354;-1.5982303422076822
-4.0263706143593545;-1.578628339188957
-4.016370614359355;-1.559655414845286
-4.006370614359355;-1.5412854277902988
-3.996370614359355;-1.5234937098740662
-3.9863706143593554;-1.5062569649504438
-3.9763706143593556;-1.4895531759029368
-3.966370614359356;-1.4733615191547735
-3.956370614359356;-1.457662285969867
-3.946370614359356;-1.4424368099248313
-3.9363706143593564;-1.4276673999951606
-3.9263706143593566;-1.4133372787559304
-3.916370614359357;-1.3994305252475752
-3.906370614359357;-1.385932022101504
-3.8963706143593573;-1.3728274065605883
-3.8863706143593575;-1.3601030250645583
-3.8763706143593577;-1.3477458911020506
-3.866370614359358;-1.335743646059085
-3.856370614359358;-1.324084522819443
-3.8463706143593583;-1.3127573118945028
-3.8363706143593586;-1.3017513298807197
-3.8263706143593588;-1.2910563900610568
-3.816370614359359;-1.2806627749831552
-3.806370614359359;-1.2705612108617348
-3.7963706143593594;-1.2607428436661394
-3.7863706143593596;-1.2511992167657033
-3.77637061435936;-1.241922250016977
-3.76637061435936;-1.2329042201861689
-3.7563706143593603;-1.2241377426094626
-3.7463706143593605;-1.2156157540016281
-3.7363706143593607;-1.2073314963311075
-3.726370614359361;-1.1992785016859424
-3.716370614359361;-1.1914505780613092
-3.7063706143593613;-1.1838417960048095
-3.6963706143593615;-1.1764464760608715
-3.6863706143593618;-1.16925917695991
-3.676370614359362;-1.1622746845023497
-3.666370614359362;-1.1554880010913826
-3.6563706143593624;-1.1488943358717876
-3.6463706143593626;-1.1424890954354239
-3.636370614359363;-1.1362678750568438
-3.626370614359363;-1.1302264504253643
-3.6163706143593632;-1.1243607698422402
-3.6063706143593635;-1.1186669468538553
-3.5963706143593637;-1.1131412532941907
-3.586370614359364;-1.1077801127114266
-3.576370614359364;-1.1025800941554895
-3.5663706143593643;-1.0975379063050614
-3.5563706143593645;-1.092650391913872
-3.5463706143593647;-1.0879145225577367
-3.536370614359365;-1.0833273936648165
-3.526370614359365;-1.0788862198130755
-3.5163706143593654;-1.0745883302796988
-3.5063706143593656;-1.0704311648286873
-3.496370614359366;-1.0664122697230378
-3.486370614359366;-1.0625292939498554
-3.4763706143593662;-1.05877998564662
-3.4663706143593664;-1.0551621887180562
-3.4563706143593667;-1.0516738396336653
-3.446370614359367;-1.048312964396657
-3.436370614359367;-1.045077675675559
-3.4263706143593673;-1.04196617009046
-3.4163706143593675;-1.0389767256462392
-3.4063706143593677;-1.0361076993058085
-3.396370614359368;-1.0333575246966407
-3.386370614359368;-1.0307247099445374
-3.3763706143593684;-1.028207835628784
-3.3663706143593686;-1.0258055528533256
-3.356370614359369;-1.023516581428962
-3.346370614359369;-1.0213397081618865
-3.336370614359369;-1.0192737852441298
-3.3263706143593694;-1.0173177287419528
-3.3163706143593696;-1.0154705171782863
-3.30637061435937;-1.0137311902057864
-3.29637061435937;-1.0120988473671884
-3.2863706143593703;-1.0105726469399443
-3.2763706143593705;-1.0091518048623598
-3.2663706143593707;-1.0078355937386199
-3.256370614359371;-1.0066233419203598
-3.246370614359371;-1.0055144326625476
-3.2363706143593713;-1.0045083033517523
-3.2263706143593716;-1.0036044448049302
-3.2163706143593718;-1.0028024006371237
-3.206370614359372;-1.00210176669659
-3.196370614359372;-1.001502190566067
-3.1863706143593724;-1.0010033711289903
-3.1763706143593726;-1.0006050581997292
-3.166370614359373;-1.0003070522169182
-3.156370614359373;-1.0001092039992554
-3.151592653589793;-1.0000500020834164
-3.1463706143593733;-1.0000114145631298
-3.142592653589793;-1.0000005000002063
-3.1416926535897933;-1.0000000049999982
-3.141592653589793;-0.9999999999999982
-3.141492653589793;-1.0000000049999986
-3.1405926535897932;-1.0000005000002075
-3.1363706143593735;-1.0000136350017872
-3.1315926535897933;-1.0000500020834158
-3.1263706143593737;-1.0001158664255845
-3.116370614359374;-1.0003181599633766
-3.106370614359374;-1.0006206168249145
-3.0963706143593743;-1.0010233884244635
-3.0863706143593745;-1.0015266765658493
-3.0763706143593748;-1.0021307336894731
-3.066370614359375;-1.0028358631817313
-3.056370614359375;-1.0036424197476277
-3.0463706143593754;-1.0045508098474014
-3.0363706143593756;-1.005561492198184
-3.026370614359376;-1.006674978341823
-3.016370614359376;-1.0078918332802245
-3.0063706143593762;-1.0092126761796603
-2.9963706143593765;-1.0106381811456684
-2.9863706143593767;-1.012169078070424
-2.976370614359377;-1.0138061535545373
-2.966370614359377;-1.015550251905452
-2.9563706143593773;-1.017402276214901
-2.9463706143593775;-1.0193631895179327
-2.9363706143593777;-1.0214340160363684
-2.926370614359378;-1.0236158425097284
-2.916370614359378;-1.025909819616795
-2.9063706143593784;-1.028317163491635
-2.8963706143593786;-1.0308391573374833
-2.886370614359379;-1.0334771531428748
-2.876370614359379;-1.0362325735042657
-2.8663706143593792;-1.0391069135598998
-2.8563706143593794;-1.0421017430399215
-2.8463706143593797;-1.0452187084381608
-2.83637061435938;-1.0484595353113564
-2.82637061435938;-1.051826030712011
-2.8163706143593803;-1.055320085761521
-2.8063706143593805;-1.0589436783706407
-2.7963706143593807;-1.0626988761149243
-2.786370614359381;-1.0665878392732207
-2.776370614359381;-1.0706128240379469
-2.7663706143593814;-1.0747761859064728
-2.7563706143593816;-1.0790803832635492
-2.746370614359382;-1.0835279811654828
-2.736370614359382;-1.0881216553375164
-2.726370614359382;-1.0928641963966323
-2.7163706143593824;-1.0977585143129864
-2.7063706143593826;-1.102807643124004
-2.696370614359383;-1.1080147459163157
-2.686370614359383;-1.113383120091731
-2.6763706143593833;-1.1189162029346884
-2.6663706143593835;-1.1246175774999205
-2.6563706143593837;-1.1304909788404305
-2.646370614359384;-1.1365403005974442
-2.636370614359384;-1.1427696019756188
-2.6263706143593843;-1.1491831151285785
-2.6163706143593846;-1.1557852529817747
-2.6063706143593848;-1.1625806175218119
-2.596370614359385;-1.1695740085835928
-2.586370614359385;-1.176770433169222
-2.5763706143593854;-1.1841751153352333
-2.5663706143593856;-1.1917935066877334
-2.556370614359386;-1.199631297528199
-2.546370614359386;-1.2076944286962898
-2.5363706143593863;-1.2159891041598117
-2.5263706143593865;-1.224521804406187
-2.5163706143593867;-1.2332993006944633
-2.506370614359387;-1.2423286702318417
-2.496370614359387;-1.2516173123443817
-2.4863706143593873;-1.2611729657175221
-2.4763706143593875;-1.2710037267888115
-2.4663706143593878;-1.281118069382594
-2.456370614359388;-1.2915248656845641
-2.446370614359388;-1.3022334086629415
-2.4363706143593884;-1.3132534360530308
-2.4263706143593886;-1.324595156032786
-2.416370614359389;-1.3362692747290807
-2.406370614359389;-1.3482870257078108
-2.3963706143593893;-1.3606602016157452
-2.3863706143593895;-1.3734011881586028
-2.3763706143593897;-1.3865230006180564
-2.36637061435939;-1.4000393231308674
-2.35637061435939;-1.4139645509760044
-2.3463706143593903;-1.4283138361409962
-2.3363706143593905;-1.4431031364673117
-2.3263706143593907;-1.4583492687055954
-2.316370614359391;-1.4740699658483978
-2.306370614359391;-1.4902839391466092
-2.2963706143593914;-1.507010945261591
-2.2863706143593916;-1.5242718590550335
-2.276370614359392;-1.5420887525757627
-2.266370614359392;-1.5604849808668917
-2.2563706143593922;-1.5794852752895057
-2.2463706143593924;-1.599115845141549
-2.2363706143593927;-1.6194044884441252
-2.226370614359393;-1.64038071287395
-2.216370614359393;-1.6620758679418364
-2.2063706143593933;-1.6845232896557951
-2.1963706143593935;-1.707758459065359
-2.1863706143593937;-1.7318191762656976
-2.176370614359394;-1.756745751648203
-2.166370614359394;-1.7825812164245698
-2.1563706143593944;-1.809371554728082
-2.1463706143593946;-1.8371659599161423
-2.136370614359395;-1.8660171180693013
-2.126370614359395;-1.895981522113178
-2.116370614359395;-1.9271198204922262
-2.1063706143593954;-1.9594972049112358
-2.0963706143593956;-1.993183842347613
-2.086370614359396;-2.028255357345152
-2.076370614359396;-2.0647933715508016
-2.0663706143593963;-2.102886108580003
-2.0563706143593965;-2.1426290736280578
-2.0463706143593967;-2.1841258188294153
-2.036370614359397;-2.2274888072570027
-2.026370614359397;-2.2728403907178367
-2.0163706143593974;-2.3203139192221345
-2.0063706143593976;-2.370055003286828
-1.9963706143593976;-2.4222229542119713
-1.9863706143593975;-2.476992432308128
-1.9763706143593975;-2.53455533896564
-1.9663706143593975;-2.5951229957157054
-1.9563706143593975;-2.6589286623854287
-1.9463706143593975;-2.726230457547725
-1.9363706143593975;-2.7973147582970523
-1.9263706143593975;-2.872500173713298
-1.9163706143593975;-2.952142208220543
-1.9063706143593975;-3.0366387587513133
-1.8963706143593975;-3.126436624987963
-1.8863706143593975;-3.2220392573999472
-1.8763706143593974;-3.3240160266271057
-1.8663706143593974;-3.4330133745047573
-1.8563706143593974;-3.5497683079589284
-1.8463706143593974;-3.6751248308955335
-1.8363706143593974;-3.8100540884792222
-1.8263706143593974;-3.955679240599092
-1.8163706143593974;-4.11330641255757
-1.8063706143593974;-4.284463528806208
-1.7963706143593974;-4.470949475987911
-1.7863706143593974;-4.674896949354832
-1.7763706143593974;-4.898853641886231
-1.7663706143593974;-5.145888341323161
-1.7563706143593973;-5.4197313305765995
-1.7463706143593973;-5.7249627679749215
-1.7363706143593973;-6.0672693318332
-1.7263706143593973;-6.453799844590738
-1.7163706143593973;-6.893667471252641
-1.7063706143593973;-7.398674171686139
-1.6963706143593973;-7.984381299729961
-1.6863706143593973;-8.671736000218637
-1.6763706143593973;-9.489621920301245
-1.6663706143593973;-10.479011216301336
-1.6563706143593973;-11.700027720229786
-1.6463706143593972;-13.24461770123241
-1.6363706143593972;-15.260814282367052
-1.6263706143593972;-18.00319859461015
-1.6163706143593972;-21.949794646094663
-1.6063706143593972;-28.116120413887483
-1.5963706143593972;-39.10603621548468
-1.5863706143593972;-64.21099028819684
-1.5807963267948966;-100.00166668614135
-1.5763706143593972;-179.39605146458868
-1.5717963267948964;-1000.0001666695117
-1.5708963267948965;-10000.00001693438
-1.5707963267948966;undefined
-1.5706963267948966;10000.000016447115
-1.5697963267948967;1000.0001666645389
-1.5663706143593972;225.95305932534004
-1.5607963267948965;100.00166668609414
-1.5563706143593972;69.32307079065836
-1.5463706143593972;40.9445352092471
-1.5363706143593971;29.05379375373825
-1.5263706143593971;22.516893068708352
-1.5163706143593971;18.38274262153141
-1.5063706143593971;15.53249589402851
-1.496370614359397;13.448629001711748
-1.486370614359397;11.858815399622864
-1.476370614359397;10.606089774668149
-1.466370614359397;9.593612017566391
-1.456370614359397;8.758394629798754
-1.446370614359397;8.057699180657478
-1.436370614359397;7.461504612930823
-1.426370614359397;6.948104504316819
-1.416370614359397;6.501414952752257
-1.406370614359397;6.109264831709067
-1.396370614359397;5.762274173710643
-1.386370614359397;5.4530974541094315
-1.376370614359397;5.1759003983750125
-1.366370614359397;4.9259903491470505
-1.356370614359397;4.699550062947856
-1.346370614359397;4.493442676097062
-1.336370614359397;4.3050665885583275
-1.326370614359397;4.132245969942095
-1.316370614359397;3.9731470869611485
-1.306370614359397;3.8262136167645147
-1.296370614359397;3.690116103267167
-1.286370614359397;3.5637120757434895
-1.276370614359397;3.446014294721076
-1.266370614359397;3.3361652563741298
-1.256370614359397;3.2334165620986894
-1.2463706143593969;3.1371121035288083
-1.2363706143593969;3.0466742643702607
-1.2263706143593969;2.961592525920864
-1.2163706143593969;2.881414001545005
-1.2063706143593969;2.8057355295822823
-1.1963706143593968;2.7341970333366223
-1.1863706143593968;2.666475917423565
-1.1763706143593968;2.6022823165499345
-1.1663706143593968;2.541355049182827
-1.1563706143593968;2.483458157046212
-1.1463706143593968;2.428377933825494
-1.1363706143593968;2.375920364252914
-1.1263706143593968;2.325908908936139
-1.1163706143593968;2.2781825816717594
-1.1063706143593968;2.2325942751592738
-1.0963706143593968;2.189009298465027
-1.0863706143593967;2.1473040956380856
-1.0763706143593967;2.1073651198309906
-1.0663706143593967;2.0690878413458007
-1.0563706143593967;2.032375871381804
-1.0463706143593967;1.9971401860412004
-1.0363706143593967;1.9632984374609206
-1.0263706143593967;1.9307743408683835
-1.0163706143593967;1.8994971279754091
-1.0063706143593967;1.8694010584831273
-0.9963706143593967;1.8404249826165764
-0.9863706143593967;1.8125119485769954
-0.9763706143593966;1.785608849622402
-0.9663706143593966;1.7596661061871108
-0.9563706143593966;1.7346373790484508
-0.9463706143593966;1.7104793100603355
-0.9363706143593966;1.6871512874121743
-0.9263706143593966;1.6646152327492638
-0.9163706143593966;1.6428354078163736
-0.9063706143593966;1.621778238567855
-0.8963706143593966;1.60141215493151
-0.8863706143593966;1.5817074446253812
-0.8763706143593966;1.5626361196110443
-0.8663706143593966;1.5441717939278496
-0.8563706143593965;1.526289571793151
-0.8463706143593965;1.508965944976703
-0.8363706143593965;1.4921786985654475
-0.8263706143593965;1.475906824329893
-0.8163706143593965;1.460130440986931
-0.8063706143593965;1.444830720727767
-0.7963706143593965;1.429989821444809
-0.7863706143593965;1.415590824149174
-0.7763706143593965;1.4016176751216183
-0.7663706143593965;1.3880551323851855
-0.7563706143593965;1.3748887161283014
-0.7463706143593964;1.3621046627432172
-0.7363706143593964;1.3496898821764085
-0.7263706143593964;1.337631918317
-0.7163706143593964;1.3259189121742208
-0.7063706143593964;1.3145395676184002
-0.6963706143593964;1.3034831194804828
-0.6863706143593964;1.2927393038236155
-0.6763706143593964;1.2822983302170676
-0.6663706143593964;1.2721508558577401
-0.6563706143593964;1.262287961398093
-0.6463706143593964;1.2527011283515135
-0.6363706143593963;1.2433822179572354
-0.6263706143593963;1.2343234513968877
-0.6163706143593963;1.225517391263824
-0.6063706143593963;1.2169569241945795
-0.5963706143593963;1.2086352445792692
-0.5863706143593963;1.200545839274503
-0.5763706143593963;1.1926824732485584
-0.5663706143593963;1.185039176094151
-0.5563706143593963;1.177610229349263
-0.5463706143593963;1.1703901545711466
-0.5363706143593963;1.1633737021128814
-0.5263706143593962;1.156555840555744
-0.5163706143593962;1.1499317467542234
-0.5063706143593962;1.1434967964537632
-0.4963706143593962;1.1372465554442999
-0.4863706143593962;1.1311767712154086
-0.4763706143593962;1.1252833650813836
-0.4663706143593962;1.1195624247468827
-0.4563706143593962;1.1140101972859027
-0.4463706143593962;1.108623082508794
-0.43637061435939617;1.1033976266938301
-0.42637061435939616;1.0983305166615176
-0.41637061435939615;1.0934185741713378
-0.40637061435939614;1.0886587506220544
-0.39637061435939613;1.084048122038008
-0.3863706143593961;1.0795838843250334
-0.3763706143593961;1.0752633487807552
-0.3663706143593961;1.0710839378450487
-0.3563706143593961;1.0670431810774172
-0.3463706143593961;1.0631387113489217
-0.3363706143593961;1.0593682612371311
-0.32637061435939607;1.0557296596133259
-0.31637061435939606;1.0522208284119068
-0.30637061435939605;1.0488397795726105
-0.29637061435939605;1.0455846121467804
-0.28637061435939604;1.0424535095594847
-0.276370614359396;1.039444737019851
-0.266370614359396;1.0365566390724061
-0.256370614359396;1.0337876372828803
-0.246370614359396;1.0311362280520515
-0.236370614359396;1.0286009805519458
-0.22637061435939598;1.026180534778888
-0.21637061435939597;1.0238735997183401
-0.20637061435939597;1.02167895161679
-0.19637061435939596;1.0195954323562646
-0.18637061435939595;1.017621947927366
-0.17637061435939594;1.0157574669969855
-0.16637061435939593;1.014001019567147
-0.15637061435939592;1.0123516957216647
-0.1463706143593959;1.010808644457559
-0.1363706143593959;1.009371072598383
-0.1263706143593959;1.0080382437868562
-0.1163706143593959;1.0068094775543834
-0.1063706143593959;1.0056841484652532
-0.09637061435939591;1.0046616853334955
-0.08637061435939591;1.003741570510553
-0.07637061435939592;1.0029233392421093
-0.06637061435939592;1.0022065790925667
-0.05637061435939592;1.0015909294358596
-0.04637061435939592;1.001076081011404
-0.03637061435939592;1.000661775544189
-0.026370614359395916;1.0003478054281163
-0.016370614359395914;1.000134013471883
-0.01;1.0000500020834184
-0.006370614359395914;1.0000202927068143
-0.001;1.0000005000002086
-1.0E-4;1.0000000050000004
0.0;1.0
