x;sin
-12.566370614359172;-0.0
-12.566270614359173;9.999999985309171E-5
-12.565370614359173;9.99999833360053E-4
-12.556370614359173;0.009999833334184471
-12.546370614359173;0.019998666693361762
-12.536370614359173;0.029995500202516248
-12.526370614359173;0.03998933418665403
-12.516370614359174;0.04997916927068697
-12.506370614359174;0.05996400647946364
-12.496370614359174;0.06994284733755124
-12.486370614359174;0.07991469396918181
-12.476370614359174;0.0898785491980122
-12.466370614359175;0.09983341664682827
-12.456370614359175;0.10977830083718955
-12.446370614359175;0.1197122072889297
-12.436370614359175;0.1296341426197005
-12.426370614359175;0.13954311464424815
-12.416370614359176;0.1494381324736067
-12.406370614359176;0.15931820661425383
-12.396370614359176;0.16918234906699586
-12.386370614359176;0.17902957342583375
-12.376370614359177;0.18885889497650904
-12.366370614359177;0.1986693307950603
-12.356370614359177;0.2084598998461069
-12.346370614359177;0.21822962308088287
-12.336370614359177;0.22797752353518919
-12.326370614359178;0.23770262642713466
-12.316370614359178;0.2474039592545199
-12.306370614359178;0.2570805518921571
-12.296370614359178;0.26673143668883176
-12.286370614359178;0.27635564856411404
-12.276370614359179;0.2859522251048274
-12.266370614359179;0.295520206661336
-12.256370614359179;0.30505863644344017
-12.24637061435918;0.31456656061611865
-12.23637061435918;0.3240430283948607
-12.22637061435918;0.33348709214080713
-12.21637061435918;0.3428978074554491
-12.20637061435918;0.35227423327508667
-12.19637061435918;0.36161543196495755
-12.18637061435918;0.37092046941297874
-12.17637061435918;0.38018841512315676
-12.166370614359181;0.3894183423086465
-12.156370614359181;0.39860932798441756
-12.146370614359181;0.4077604530595638
-12.136370614359182;0.41687080242920643
-12.126370614359182;0.4259394650659902
-12.116370614359182;0.4349655341112203
-12.106370614359182;0.44394810696551185
-12.096370614359182;0.4528862853790619
-12.086370614359183;0.4617791755414738
-12.076370614359183;0.4706258881711466
-12.066370614359183;0.479425538604199
-12.056370614359183;0.4881772468829039
-12.046370614359184;0.49688013784372675
-12.036370614359184;0.5055333412048422
-12.026370614359184;0.5141359916531049
-12.016370614359184;0.5226872289306531
-12.006370614359184;0.5311861979208751
-11.996370614359185;0.5396320487339633
-11.986370614359185;0.5480239367918651
-11.976370614359185;0.5563610229127484
-11.966370614359185;0.5646424733950031
-11.956370614359185;0.5728674601004453
-11.946370614359186;0.5810351605372734
-11.936370614359186;0.589144757942244
-11.926370614359186;0.5971954413623615
-11.916370614359186;0.6051864057360117
-11.906370614359187;0.6131168519734068
-11.896370614359187;0.6209859870365321
-11.886370614359187;0.6287930240184427
-11.876370614359187;0.6365371822219423
-11.866370614359187;0.6442176872376677
-11.856370614359188;0.6518337710215097
-11.846370614359188;0.6593846719714478
-11.836370614359188;0.6668696350036726
-11.826370614359188;0.6742879116281231
-11.816370614359188;0.6816387600233121
-11.806370614359189;0.6889214451105333
-11.796370614359189;0.6961352386273378
-11.786370614359189;0.7032794192003918
-11.77637061435919;0.7103532724175889
-11.76637061435919;0.7173560908995028
-11.75637061435919;0.7242871743701198
-11.74637061435919;0.7311458297268795
-11.73637061435919;0.7379313711099448
-11.72637061435919;0.7446431199708458
-11.71637061435919;0.7512804051402749
-11.70637061435919;0.7578425628952619
-11.696370614359191;0.7643289370254923
-11.686370614359191;0.7707388788989524
-11.676370614359191;0.7770717475268049
-11.666370614359192;0.783326909627469
-11.656370614359192;0.7895037396899348
-11.646370614359192;0.7956016200363468
-11.636370614359192;0.8016199408837608
-11.626370614359193;0.8075581004050991
-11.616370614359193;0.8134155047893631
-11.606370614359193;0.819191568300984
-11.596370614359193;0.824885713338436
-11.586370614359193;0.8304973704919538
-11.576370614359194;0.8360259786005074
-11.566370614359194;0.8414709848078832
-11.556370614359194;0.8468318446180026
-11.546370614359194;0.8521080219493521
-11.536370614359194;0.8572989891885913
-11.526370614359195;0.8624042272433246
-11.516370614359195;0.8674232255940069
-11.506370614359195;0.8723554823449734
-11.496370614359195;0.8772005042746713
-11.486370614359195;0.8819578068849359
-11.476370614359196;0.8866269144494776
-11.466370614359196;0.8912073600614235
-11.456370614359196;0.8956986856800355
-11.446370614359196;0.9001004421764955
-11.436370614359197;0.904412189378818
-11.426370614359197;0.9086334961158763
-11.416370614359197;0.9127639402605108
-11.406370614359197;0.9168031087717572
-11.396370614359197;0.9207505977361272
-11.386370614359198;0.9246060124080081
-11.376370614359198;0.9283689672491586
-11.366370614359198;0.9320390859672385
-11.356370614359198;0.9356160015533969
-11.346370614359198;0.9390993563190757
-11.336370614359199;0.9424888019317063
-11.326370614359199;0.945783999449546
-11.316370614359199;0.9489846193555962
-11.3063706143592;0.952090341590521
-11.2963706143592;0.9551008555846994
-11.2863706143592;0.9580158602892306
-11.2763706143592;0.9608350642060788
-11.2663706143592;0.9635581854171976
-11.2563706143592;0.9661849516127389
-11.2463706143592;0.968715100118268
-11.2363706143592;0.9711483779210447
-11.226370614359201;0.9734845416953244
-11.216370614359201;0.9757233578266638
-11.206370614359201;0.9778646024353178
-11.196370614359202;0.9799080613986163
-11.186370614359202;0.9818535303723607
-11.176370614359202;0.983700814811279
-11.166370614359202;0.9854497299884606
-11.156370614359203;0.9871001010138519
-11.146370614359203;0.9886517628517189
-11.136370614359203;0.9901045603371781
-11.126370614359203;0.99145834819169
-11.116370614359203;0.9927129910375897
-11.106370614359204;0.9938683634116449
-11.096370614359204;0.9949243497775795
-11.086370614359204;0.9958808445376426
-11.076370614359204;0.9967377520431431
-11.066370614359204;0.9974949866040534
-11.056370614359205;0.998152472497549
-11.046370614359205;0.9987101439755841
-11.036370614359205;0.9991679452714753
-11.026370614359205;0.999525830605481
-11.016370614359206;0.9997837641893597
-11.006370614359206;0.999941720229966
-11.005574287564276;0.9999500004166669
-10.996574287564275;0.9999995000000436
-10.996370614359206;0.9999996829318387
-10.995674287564276;0.9999999950000019
-10.995574287564276;1.0000000000000018
-10.995474287564276;0.9999999950000015
-10.994574287564276;0.9999995000000425
-10.986370614359206;0.9999576464987437
-10.985574287564276;0.9999500004166675
-10.976370614359206;0.9998156151342934
-10.966370614359207;0.9995736030415059
-10.956370614359207;0.9992316344213924
-10.946370614359207;0.9987897434705271
-10.936370614359207;0.9982479743776357
-10.926370614359207;0.9976063813191752
-10.916370614359208;0.9968650284539217
-10.906370614359208;0.9960239899165406
-10.896370614359208;0.9950833498101852
-10.886370614359208;0.9940432021980791
-10.876370614359208;0.992903651094123
-10.866370614359209;0.9916648104524732
-10.856370614359209;0.9903268041561621
-10.84637061435921;0.9888897660047081
-10.83637061435921;0.9873538397007215
-10.82637061435921;0.9857191788355606
-10.81637061435921;0.9839859468739438
-10.80637061435921;0.9821543171376254
-10.79637061435921;0.9802244727880535
-10.78637061435921;0.9781966068080516
-10.77637061435921;0.9760709219825117
-10.76637061435921;0.9738476308781844
-10.756370614359211;0.9715269558223076
-10.746370614359211;0.9691091288804495
-10.736370614359211;0.9665943918332922
-10.726370614359212;0.9639829961524443
-10.716370614359212;0.9612752029752977
-10.706370614359212;0.9584712830789122
-10.696370614359212;0.9555715168529443
-10.686370614359213;0.9525761942715951
-10.676370614359213;0.9494856148646335
-10.666370614359213;0.946300087687418
-10.656370614359213;0.943019931290016
-10.646370614359213;0.9396454736853301
-10.636370614359214;0.9361770523163133
-10.626370614359214;0.9326150140222081
-10.616370614359214;0.9289597150038784
-10.606370614359214;0.9252115207881778
-10.596370614359214;0.9213708061914057
-10.586370614359215;0.9174379552818206
-10.576370614359215;0.9134133613412373
-10.566370614359215;0.9092974268256944
-10.556370614359215;0.9050905633252151
-10.546370614359216;0.9007931915226427
-10.536370614359216;0.8964057411515756
-10.526370614359216;0.8919286509533941
-10.516370614359216;0.8873623686333917
-10.506370614359216;0.8827073508159912
-10.496370614359217;0.8779640629990966
-10.486370614359217;0.8731329795075353
-10.476370614359217;0.8682145834456325
-10.466370614359217;0.8632093666488942
-10.456370614359217;0.8581178296348297
-10.446370614359218;0.8529404815528986
-10.436370614359218;0.8476778401335922
-10.426370614359218;0.8423304316366683
-10.416370614359218;0.8368987907985206
-10.406370614359219;0.8313834607787076
-10.396370614359219;0.8257849931056326
-10.386370614359219;0.8201039476213993
-10.37637061435922;0.8143408924258215
-10.36637061435922;0.8084964038196176
-10.35637061435922;0.8025710662467737
-10.34637061435922;0.7965654722361133
-10.33637061435922;0.7904802223420333
-10.32637061435922;0.7843159250844485
-10.31637061435922;0.7780731968879497
-10.30637061435922;0.7717526620201556
-10.29637061435922;0.7653549525292845
-10.286370614359221;0.7588807081809524
-10.276370614359221;0.7523305763942025
-10.266370614359221;0.7457052121767529
-10.256370614359222;0.7390052780595037
-10.246370614359222;0.7322314440302841
-10.236370614359222;0.7253843874668531
-10.226370614359222;0.7184647930691598
-10.216370614359223;0.71147335279088
-10.206370614359223;0.7044107657702295
-10.196370614359223;0.6972777382599901
-10.186370614359223;0.690074983556989
-10.176370614359223;0.6828032219306912
-10.166370614359224;0.6754631805512022
-10.156370614359224;0.6680555934165421
-10.146370614359224;0.6605812012792514
-10.136370614359224;0.6530407515723151
-10.126370614359224;0.6454349983344203
-10.116370614359225;0.637764702134553
-10.106370614359225;0.6300306299959413
-10.096370614359225;0.6222335553193532
-10.086370614359225;0.6143742578057608
-10.076370614359226;0.6064535233783632
-10.066370614359226;0.5984721441040052
-10.056370614359226;0.5904309181139613
-10.046370614359226;0.5823306495241313
-10.036370614359226;0.5741721483546209
-10.026370614359227;0.5659562304487519
-10.016370614359227;0.5576837173914658
-10.006370614359227;0.5493554364271755
-9.996370614359227;0.540972220377038
-9.986370614359227;0.5325349075556707
-9.976370614359228;0.5240443416873268
-9.966370614359228;0.5155013718215139
-9.956370614359228;0.5069068522481031
-9.946370614359228;0.4982616424118891
-9.936370614359229;0.48956660682665076
-9.926370614359229;0.4808226149886995
-9.916370614359229;0.47203054128993477
-9.90637061435923;0.4631912649303975
-9.89637061435923;0.45430566983035897
-9.88637061435923;0.445374644541924
-9.87637061435923;0.43639908216017975
-9.86637061435923;0.42737988023388324
-9.85637061435923;0.41831794067571165
-9.84637061435923;0.40921416967207097
-9.83637061435923;0.40006947759247363
-9.82637061435923;0.39088477889850665
-9.816370614359231;0.38166099205238585
-9.806370614359231;0.3723990394251104
-9.796370614359232;0.36309984720422406
-9.786370614359232;0.3537643453011993
-9.776370614359232;0.3443934672584457
-9.766370614359232;0.33498815015596184
-9.756370614359232;0.32554933451761686
-9.746370614359233;0.3160779642171108
-9.736370614359233;0.3065749863835812
-9.726370614359233;0.29704135130689024
-9.716370614359233;0.2874780123426025
-9.706370614359233;0.2778859258166453
-9.696370614359234;0.2682660509296769
-9.686370614359234;0.25861934966117023
-9.676370614359234;0.2489467866732125
-9.666370614359234;0.23924932921404254
-9.656370614359234;0.2295279470213244
-9.646370614359235;0.21978361222516254
-9.636370614359235;0.21001729925094623
-9.626370614359235;0.20022998472181847
-9.616370614359235;0.19042264736107692
-9.606370614359236;0.18059626789428354
-9.596370614359236;0.17075182895119756
-9.586370614359236;0.16089031496750894
-9.576370614359236;0.15101271208639788
-9.566370614359236;0.1411200080599223
-9.556370614359237;0.1312131921502406
-9.546370614359237;0.12129325503068628
-9.536370614359237;0.11136118868670752
-9.526370614359237;0.10141798631666082
-9.516370614359237;0.09146464223249634
-9.506370614359238;0.08150215176032896
-9.496370614359238;0.07153151114090432
-9.486370614359238;0.061553717429974286
-9.476370614359238;0.051569768398596276
-9.466370614359239;0.04158066243335291
-9.456370614359239;0.031587398436517006
-9.446370614359239;0.021590975726159468
-9.43637061435924;0.0115923939362221
-9.43477796076938;0.009999833334163662
-9.42637061435924;0.0015926529165507857
-9.425777960769379;9.99999833330579E-4
-9.42487796076938;9.999999983065619E-5
-9.42477796076938;-2.6512111039239643E-15
-9.42467796076938;-9.999999983552885E-5
-9.42377796076938;-9.99999833335565E-4
-9.41637061435924;-0.008407247367083846
-9.41477796076938;-0.009999833334168382
-9.40637061435924;-0.01840630693298882
-9.39637061435924;-0.02840352588353815
-9.38637061435924;-0.038397904505169445
-9.37637061435924;-0.048388443368348015
-9.36637061435924;-0.0583741434275134
-9.356370614359241;-0.06835400612098097
-9.346370614359241;-0.07832703347079836
-9.336370614359241;-0.08829222818254037
-9.326370614359242;-0.09824859374504086
-9.316370614359242;-0.10819513453004066
-9.306370614359242;-0.1181308558917497
-9.296370614359242;-0.12805476426631143
-9.286370614359242;-0.1379658672711586
-9.276370614359243;-0.14786317380425018
-9.266370614359243;-0.15774569414317952
-9.256370614359243;-0.16761244004414927
-9.246370614359243;-0.1774624248407913
-9.236370614359243;-0.18729466354283428
-9.226370614359244;-0.19710817293460112
-9.216370614359244;-0.2069019716733307
-9.206370614359244;-0.21667508038731048
-9.196370614359244;-0.22642652177381364
-9.186370614359245;-0.23615532069682743
-9.176370614359245;-0.24586050428456707
-9.166370614359245;-0.2555411020267618
-9.156370614359245;-0.26519614587170387
-9.146370614359245;-0.27482467032305413
-9.136370614359246;-0.2844257125363928
-9.126370614359246;-0.2939983124154979
-9.116370614359246;-0.3035415127083466
-9.106370614359246;-0.3130543591028883
-9.096370614359246;-0.3225359003223982
-9.086370614359247;-0.3319851882206544
-9.076370614359247;-0.3414012778767421
-9.066370614359247;-0.35078322768954207
-9.056370614359247;-0.3601300994718911
-9.046370614359247;-0.36944095854440057
-9.036370614359248;-0.37871487382892177
-9.026370614359248;-0.3879509179416552
-9.016370614359248;-0.39714816728588576
-9.006370614359248;-0.4063057021443429
-8.996370614359249;-0.41542260677117243
-8.986370614359249;-0.4244979694835099
-8.976370614359249;-0.43353088275264545
-8.96637061435925;-0.44252044329478035
-8.95637061435925;-0.4514657521613518
-8.94637061435925;-0.46036591482892725
-8.93637061435925;-0.4692200412886569
-8.92637061435925;-0.4780272461352725
-8.91637061435925;-0.48678664865563015
-8.90637061435925;-0.4954973729167753
-8.89637061435925;-0.5041585478535424
-8.886370614359251;-0.5127693073556551
-8.876370614359251;-0.521328790354338
-8.866370614359251;-0.5298361409084255
-8.856370614359252;-0.53829050828995
-8.846370614359252;-0.5466910470692198
-8.836370614359252;-0.5550369171993567
-8.826370614359252;-0.5633272841003033
-8.816370614359252;-0.5715613187422778
-8.806370614359253;-0.5797381977286773
-8.796370614359253;-0.5878571033784173
-8.786370614359253;-0.5959172238076987
-8.776370614359253;-0.6039177530111958
-8.766370614359253;-0.6118578909426545
-8.756370614359254;-0.6197368435948992
-8.746370614359254;-0.6275538230792297
-8.736370614359254;-0.6353080477042123
-8.726370614359254;-0.6429987420538463
-8.716370614359255;-0.6506251370651052
-8.706370614359255;-0.658186470104843
-8.696370614359255;-0.6656819850460576
-8.686370614359255;-0.6731109323435007
-8.676370614359255;-0.6804725691086331
-8.666370614359256;-0.687766159183913
-8.656370614359256;-0.694990973216412
-8.646370614359256;-0.702146288730746
-8.636370614359256;-0.7092313902013273
-8.626370614359256;-0.716245569123912
-8.616370614359257;-0.7231881240864539
-8.606370614359257;-0.7300583608392519
-8.596370614359257;-0.7368555923643353
-8.586370614359257;-0.7435791389442262
-8.576370614359258;-0.7502283282298701
-8.566370614359258;-0.7568024953078796
-8.556370614359258;-0.7633009827670246
-8.546370614359258;-0.7697231407639753
-8.536370614359258;-0.776068327088283
-8.526370614359259;-0.7823359072266035
-8.516370614359259;-0.7885252544261462
-8.506370614359259;-0.7946357497573482
-8.49637061435926;-0.8006667821757688
-8.48637061435926;-0.8066177485831922
-8.47637061435926;-0.8124880538879364
-8.46637061435926;-0.818277111064363
-8.45637061435926;-0.8239843412115783
-8.44637061435926;-0.829609173611324
-8.43637061435926;-0.835151045785047
-8.42637061435926;-0.8406094035501487
-8.416370614359261;-0.845983701075401
-8.406370614359261;-0.8512734009355296
-8.396370614359261;-0.8564779741649567
-8.386370614359262;-0.8615969003106965
-8.376370614359262;-0.8666296674844005
-8.366370614359262;-0.8715757724135451
-8.356370614359262;-0.876434720491759
-8.346370614359262;-0.8812060258282834
-8.336370614359263;-0.8858892112965613
-8.326370614359263;-0.8904838085819479
-8.316370614359263;-0.8949893582285438
-8.306370614359263;-0.8994054096851386
-8.296370614359263;-0.9037315213502667
-8.286370614359264;-0.9079672606163673
-8.276370614359264;-0.9121122039130433
-8.266370614359264;-0.9161659367494188
-8.256370614359264;-0.920128053755588
-8.246370614359265;-0.9239981587231528
-8.236370614359265;-0.9277758646448413
-8.226370614359265;-0.9314607937532092
-8.216370614359265;-0.9350525775584164
-8.206370614359265;-0.9385508568850759
-8.196370614359266;-0.9419552819081698
-8.186370614359266;-0.9452655121880331
-8.176370614359266;-0.9484812167043961
-8.166370614359266;-0.9516020738894871
-8.156370614359266;-0.9546277716601884
-8.146370614359267;-0.9575580074492441
-8.136370614359267;-0.9603924882355173
-8.126370614359267;-0.963130930573284
-8.116370614359267;-0.9657730606206079
-8.106370614359268;-0.9683186141666774
-8.096370614359268;-0.9707673366582602
-8.086370614359268;-0.9731189832251473
-8.076370614359268;-0.9753733187046413
-8.066370614359268;-0.977530117665073
-8.056370614359269;-0.9795891644283442
-8.046370614359269;-0.9815502530914942
-8.036370614359269;-0.9834131875472907
-8.02637061435927;-0.9851777815038406
-8.01637061435927;-0.9868438585032188
-8.00637061435927;-0.9884112519391139
-7.99637061435927;-0.9898798050734884
-7.98637061435927;-0.9912493710522526
-7.97637061435927;-0.9925198129199502
-7.9663706143592705;-0.9936910036334523
-7.956370614359271;-0.9947628260746645
-7.946370614359271;-0.9957351730622352
-7.936370614359271;-0.9966079473622765
-7.926370614359271;-0.9973810616980855
-7.916370614359272;-0.9980544387588727
-7.906370614359272;-0.9986280112074931
-7.896370614359272;-0.99910172168718
-7.886370614359272;-0.9994755228272806
-7.876370614359272;-0.9997493772479913
-7.866370614359273;-0.9999232575640992
-7.863981633974483;-0.9999500004166648
-7.856370614359273;-0.9999971463877174
-7.854981633974483;-0.9999995000000415
-7.854081633974483;-0.9999999949999996
-7.853981633974483;-1.0
-7.853881633974483;-0.9999999949999996
-7.8529816339744825;-0.9999995000000412
-7.846370614359273;-0.9999710363300248
-7.843981633974483;-0.9999500004166652
-7.836370614359273;-0.9998449300020059
-7.8263706143592735;-0.9996188400141881
-7.816370614359274;-0.9992927889753814
-7.806370614359274;-0.998866809490419
-7.796370614359274;-0.9983409441568932
-7.786370614359274;-0.9977152455609
-7.776370614359275;-0.9969897762717774
-7.766370614359275;-0.9961646088358495
-7.756370614359275;-0.9952398257691726
-7.746370614359275;-0.9942155195492826
-7.736370614359275;-0.9930917926059474
-7.726370614359276;-0.9918687573109258
-7.716370614359276;-0.9905465359667273
-7.706370614359276;-0.9891252607943852
-7.696370614359276;-0.9876050739202314
-7.6863706143592765;-0.9859861273616929
-7.676370614359277;-0.9842685830120642
-7.666370614359277;-0.9824526126243558
-7.656370614359277;-0.9805383977940928
-7.646370614359277;-0.9785261299411631
-7.6363706143592776;-0.9764160102906749
-7.626370614359278;-0.9742082498528352
-7.616370614359278;-0.9719030694018476
-7.606370614359278;-0.9695006994538363
-7.596370614359278;-0.9670013802437945
-7.586370614359279;-0.9644053617015599
-7.576370614359279;-0.9617129034268237
-7.566370614359279;-0.9589242746631697
-7.556370614359279;-0.95603975427115
-7.5463706143592795;-0.9530596307004007
-7.53637061435928;-0.9499842019607948
-7.52637061435928;-0.9468137755926439
-7.51637061435928;-0.9435486686359427
-7.50637061435928;-0.9401892075986654
-7.4963706143592805;-0.9367357284241171
-7.486370614359281;-0.9331885764573367
-7.476370614359281;-0.9295481064105652
-7.466370614359281;-0.9258146823277735
-7.456370614359281;-0.9219886775482588
-7.446370614359282;-0.9180704746693104
-7.436370614359282;-0.9140604655079514
-7.426370614359282;-0.9099590510617559
-7.416370614359282;-0.9057666414687512
-7.4063706143592825;-0.9014836559664025
-7.396370614359283;-0.8971105228496911
-7.386370614359283;-0.8926476794282844
-7.376370614359283;-0.8880955719828053
-7.366370614359283;-0.8834546557202052
-7.3563706143592835;-0.8787253947282426
-7.346370614359284;-0.8739082619290763
-7.336370614359284;-0.8690037390319713
-7.326370614359284;-0.8640123164851307
-7.316370614359284;-0.8589344934266491
-7.306370614359285;-0.8537707776346015
-7.296370614359285;-0.8485216854762601
-7.286370614359285;-0.8431877418564743
-7.276370614359285;-0.837769480165157
-7.266370614359285;-0.8322674422239617
-7.256370614359286;-0.8266821782320978
-7.246370614359286;-0.8210142467113104
-7.236370614359286;-0.815264214450028
-7.226370614359286;-0.8094326564466852
-7.2163706143592865;-0.8035201558522225
-7.206370614359287;-0.7975273039117724
-7.196370614359287;-0.7914546999055353
-7.186370614359287;-0.7853029510888508
-7.176370614359287;-0.7790726726314743
-7.166370614359288;-0.7727644875560599
-7.156370614359288;-0.7663790266758581
-7.146370614359288;-0.7599169285316356
-7.136370614359288;-0.7533788393278222
-7.126370614359288;-0.7467654128678894
-7.116370614359289;-0.7400773104889724
-7.106370614359289;-0.7333152009957354
-7.096370614359289;-0.7264797605934926
-7.086370614359289;-0.7195716728205886
-7.0763706143592895;-0.7125916284800435
-7.06637061435929;-0.7055403255704747
-7.05637061435929;-0.6984184692162972
-7.04637061435929;-0.6912267715972115
-7.03637061435929;-0.6839659518769867
-7.026370614359291;-0.6766367361315436
-7.016370614359291;-0.6692398572763496
-7.006370614359291;-0.6617760549931261
-6.996370614359291;-0.6542460756558811
-6.986370614359291;-0.646650672256274
-6.976370614359292;-0.6389906043283151
-6.966370614359292;-0.6312666378724137
-6.956370614359292;-0.6234795452787809
-6.946370614359292;-0.6156301052501822
-6.9363706143592925;-0.6077191027240821
-6.926370614359293;-0.5997473287941404
-6.916370614359293;-0.5917155806311074
-6.906370614359293;-0.5836246614031058
-6.896370614359293;-0.5754753801953161
-6.8863706143592935;-0.5672685519290684
-6.876370614359294;-0.5590049972803497
-6.866370614359294;-0.5506855425977393
-6.856370614359294;-0.5423110198197719
-6.846370614359294;-0.5338822663917471
-6.836370614359295;-0.5254001251819834
-6.826370614359295;-0.5168654443975337
-6.816370614359295;-0.5082790774993636
-6.806370614359295;-0.49964188311700847
-6.7963706143592955;-0.49095472496270826
-6.786370614359296;-0.48221847174503957
-6.776370614359296;-0.47343399708204364
-6.766370614359296;-0.4646021794138664
-6.756370614359296;-0.45572390191491524
-6.7463706143592965;-0.44680005240554105
-6.736370614359297;-0.4378315232632584
-6.726370614359297;-0.42881921133350803
-6.716370614359297;-0.41976401783997225
-6.706370614359297;-0.4106668482944548
-6.696370614359298;-0.4015286124063291
-6.686370614359298;-0.3923502239915689
-6.676370614359298;-0.3831326008813659
-6.666370614359298;-0.3738766648303522
-6.656370614359298;-0.3645833414244181
-6.646370614359299;-0.35525355998816005
-6.636370614359299;-0.3458882534919467
-6.626370614359299;-0.3364883584586234
-6.616370614359299;-0.3270548148698603
-6.6063706143592995;-0.31758856607215497
-6.5963706143593;-0.3080905586824987
-6.5863706143593;-0.29856174249371537
-6.5763706143593;-0.2890030703794833
-6.5663706143593;-0.2794154981990484
-6.556370614359301;-0.26979998470163913
-6.546370614359301;-0.2601574914305922
-6.536370614359301;-0.2504889826271993
-6.526370614359301;-0.24079542513428392
-6.516370614359301;-0.2310777882995173
-6.506370614359302;-0.22133704387848488
-6.496370614359302;-0.21157416593751155
-6.486370614359302;-0.20179013075625568
-6.476370614359302;-0.19198591673008203
-6.4663706143593025;-0.18216250427222333
-6.456370614359303;-0.1723208757157387
-6.446370614359303;-0.16246201521528278
-6.436370614359303;-0.15258690864868996
-6.426370614359303;-0.1426965435183876
-6.416370614359304;-0.13279190885264677
-6.406370614359304;-0.12287399510668026
-6.396370614359304;-0.11294379406359772
-6.386370614359304;-0.10300229873522836
-6.376370614359304;-0.09305050326282042
-6.366370614359305;-0.08308940281762804
-6.356370614359305;-0.07311999350139484
-6.346370614359305;-0.06314327224674456
-6.336370614359305;-0.05316023671748891
-6.3263706143593055;-0.04317188520886154
-6.316370614359306;-0.033179216547689724
-6.306370614359306;-0.023183229992512395
-6.296370614359306;-0.01318492513365511
-6.293185307179586;-0.009999833334166453
-6.286370614359306;-0.00318530179327186
-6.284185307179587;-9.999998333336756E-4
-6.283285307179586;-9.999999983310028E-5
-6.283185307179586;-0.0
-6.2830853071795865;9.999999985309171E-5
-6.282185307179586;9.999998333466683E-4
-6.2763706143593065;0.006814640074660468
-6.2731853071795864;0.009999833334184471
-6.266370614359307;0.016813900484243
-6.256370614359307;0.026811479517781553
-6.246370614359307;0.03680637742571691
-6.236370614359307;0.04679759472656703
-6.226370614359308;0.05678413230696328
-6.216370614359308;0.06676499152143538
-6.206370614359308;0.07673917429240587
-6.196370614359308;0.0867056832098708
-6.1863706143593085;0.0966635216313023
-6.176370614359309;0.10661169378110343
-6.166370614359309;0.11654920485037554
-6.156370614359309;0.126475061096273
-6.146370614359309;0.1363882699414712
-6.1363706143593095;0.14628784007333143
-6.12637061435931;0.15617278154308253
-6.11637061435931;0.1660421058648309
-6.10637061435931;0.17589482611435203
-6.09637061435931;0.18572995702785366
-6.086370614359311;0.19554651510041846
-6.076370614359311;0.2053435186844252
-6.066370614359311;0.2151199880876828
-6.056370614359311;0.22487494567140426
-6.0463706143593114;0.2346074159479539
-6.036370614359312;0.24431642567840844
-6.026370614359312;0.25400100396989805
-6.016370614359312;0.2636601823726495
-6.006370614359312;0.2732929949768809
-5.9963706143593125;0.2828984785093617
-5.986370614359313;0.29247567242974354
-5.976370614359313;0.30202361902660146
-5.966370614359313;0.3115413635132505
-5.956370614359313;0.32102795412315527
-5.946370614359314;0.3304824422051853
-5.936370614359314;0.3399038823183883
-5.926370614359314;0.34929133232661225
-5.916370614359314;0.35864385349266886
-5.906370614359314;0.36796051057225715
-5.896370614359315;0.37724037190741744
-5.886370614359315;0.3864825095197532
-5.876370614359315;0.39568599920319714
-5.866370614359315;0.40484992061647035
-5.8563706143593155;0.4139733573750497
-5.846370614359316;0.4230553971428659
-5.836370614359316;0.43209513172351477
-5.826370614359316;0.4410916571510739
-5.816370614359316;0.4500440737804973
-5.806370614359317;0.45895148637756555
-5.796370614359317;0.4678130042084555
-5.786370614359317;0.476627741128776
-5.776370614359317;0.4853948156721669
-5.766370614359317;0.49411335113848126
-5.756370614359318;0.5027824756814441
-5.746370614359318;0.5114013223958312
-5.736370614359318;0.5199690294041371
-5.726370614359318;0.5284847399428109
-5.7163706143593185;0.5369476024478819
-5.706370614359319;0.5453567706401813
-5.696370614359319;0.5537114036098394
-5.686370614359319;0.562010665900597
-5.676370614359319;0.5702537275931006
-5.6663706143593195;0.5784397643880598
-5.65637061435932;0.586567957688601
-5.64637061435932;0.59463749468219
-5.63637061435932;0.602647568421838
-5.62637061435932;0.6105973779068413
-5.616370614359321;0.6184861281628924
-5.606370614359321;0.6263130303215264
-5.596370614359321;0.6340773016990554
-5.586370614359321;0.6417781658748036
-5.5763706143593215;0.6494148527687907
-5.566370614359322;0.656986598718661
-5.556370614359322;0.6644926465561617
-5.546370614359322;0.671932245682739
-5.536370614359322;0.679304652144695
-5.5263706143593225;0.6866091287075211
-5.516370614359323;0.6938449449296452
-5.506370614359323;0.701011377235487
-5.496370614359323;0.70810770898777
-5.486370614359323;0.7151332305592458
-5.476370614359324;0.7220872394036114
-5.466370614359324;0.7289690401257637
-5.456370614359324;0.7357779445513849
-5.446370614359324;0.7425132717956958
-5.4363706143593244;0.7491743483315846
-5.426370614359325;0.7557605080569509
-5.416370614359325;0.7622710923613047
-5.406370614359325;0.768705450191653
-5.396370614359325;0.775062938117561
-5.3863706143593255;0.7813429203955475
-5.376370614359326;0.7875447690326149
-5.366370614359326;0.7936678638490566
-5.356370614359326;0.7997115925405055
-5.346370614359326;0.8056753507391211
-5.336370614359327;0.8115585420740543
-5.326370614359327;0.8173605782310825
-5.316370614359327;0.8230808790114181
-5.306370614359327;0.8287188723897484
-5.296370614359327;0.8342739945714337
-5.286370614359328;0.839745690048895
-5.276370614359328;0.8451334116571285
-5.266370614359328;0.8504366206284772
-5.256370614359328;0.8556547866464626
-5.2463706143593285;0.8607873878988247
-5.236370614359329;0.8658339111297111
-5.226370614359329;0.8707938516910144
-5.216370614359329;0.8756667135928075
-5.206370614359329;0.880452009552957
-5.19637061435933;0.8851492610458611
-5.18637061435933;0.8897579983502892
-5.17637061435933;0.8942777605963397
-5.16637061435933;0.8987080958115561
-5.15637061435933;0.9030485609661177
-5.146370614359331;0.9072987220171157
-5.136370614359331;0.9114581539519951
-5.126370614359331;0.915526440831026
-5.116370614359331;0.9195031758289091
-5.1063706143593315;0.9233879612754583
-5.096370614359332;0.9271804086953694
-5.086370614359332;0.930880138847077
-5.076370614359332;0.9344867817606124
-5.066370614359332;0.9379999767747036
-5.0563706143593325;0.9414193725727861
-5.046370614359333;0.9447446272181167
-5.036370614359333;0.9479754081880208
-5.026370614359333;0.9511113924070718
-5.016370614359333;0.9541522662794826
-5.006370614359334;0.957097725720385
-4.996370614359334;0.9599474761862954
-4.986370614359334;0.962701232704539
-4.976370614359334;0.9653587199017609
-4.9663706143593345;0.967919672031458
-4.956370614359335;0.9703838330005449
-4.946370614359335;0.9727509563949873
-4.936370614359335;0.9750208055044106
-4.926370614359335;0.9771931533457957
-4.9163706143593355;0.9792677826861741
-4.906370614359336;0.9812444860643369
-4.896370614359336;0.9831230658115953
-4.886370614359336;0.9849033340715365
-4.876370614359336;0.9865851128188239
-4.866370614359337;0.9881682338769799
-4.856370614359337;0.9896525389352211
-4.846370614359337;0.9910378795642734
-4.836370614359337;0.9923241172312336
-4.8263706143593375;0.9935111233134005
-4.816370614359338;0.994598779111162
-4.806370614359338;0.9955869758598423
-4.796370614359338;0.9964756147405894
-4.786370614359338;0.9972646068902579
-4.7763706143593385;0.9979538734102852
-4.766370614359339;0.998543345374599
-4.756370614359339;0.9990329638364922
-4.746370614359339;0.9994226798345253
-4.736370614359339;0.999712454397425
-4.72637061435934;0.9999022585479751
-4.7223889803846895;0.9999500004166669
-4.71637061435934;0.9999920733059192
-4.71338898038469;0.9999995000000425
-4.712488980384689;0.9999999950000019
-4.71238898038469;1.0000000000000018
-4.71228898038469;0.9999999950000015
-4.711388980384689;0.9999995000000456
-4.70637061435934;0.999981889689859
-4.70238898038469;0.9999500004166675
-4.69637061435934;0.9998717087181426
-4.68637061435934;0.9996615414087805
-4.676370614359341;0.999351408778327
-4.666370614359341;0.9989413418397806
-4.656370614359341;0.9984313815995005
-4.646370614359341;0.9978215790530869
-4.6363706143593415;0.9971119951802829
-4.626370614359342;0.9963027009388808
-4.616370614359342;0.9953937772576367
-4.606370614359342;0.9943853150281615
-4.596370614359342;0.9932774150958285
-4.586370614359343;0.99207018824972
-4.576370614359343;0.9907637552115071
-4.566370614359343;0.989358246623407
-4.556370614359343;0.9878538030351081
-4.546370614359343;0.9862505748897118
-4.536370614359344;0.9845487225087014
-4.526370614359344;0.9827484160758935
-4.516370614359344;0.9808498356204348
-4.506370614359344;0.9788531709987832
-4.4963706143593445;0.9767586218757189
-4.486370614359345;0.9745663977044546
-4.476370614359345;0.9722767177055549
-4.466370614359345;0.969889810845111
-4.456370614359345;0.9674059158118236
-4.4463706143593456;0.964825280993122
-4.436370614359346;0.96214816445034
-4.426370614359346;0.9593748338929011
-4.416370614359346;0.9565055666515483
-4.406370614359346;0.9535406496506152
-4.396370614359347;0.9504803793793318
-4.386370614359347;0.947325061862176
-4.376370614359347;0.9440750126282693
-4.366370614359347;0.9407305566798237
-4.3563706143593475;0.9372920284596521
-4.346370614359348;0.9337597718177056
-4.336370614359348;0.93013413997671
-4.326370614359348;0.9264154954968263
-4.316370614359348;0.9226042102394014
-4.3063706143593485;0.9187006653297887
-4.296370614359349;0.9147052511192238
-4.286370614359349;0.9106183671457981
-4.276370614359349;0.9064404220945047
-4.266370614359349;0.902171833756366
-4.25637061435935;0.8978130289866602
-4.24637061435935;0.8933644436622279
-4.23637061435935;0.8888265226378989
-4.22637061435935;0.884199719701992
-4.2163706143593505;0.8794844975309452
-4.206370614359351;0.8746813276430486
-4.196370614359351;0.8697906903512852
-4.186370614359351;0.8648130747153105
-4.176370614359351;0.8597489784925375
-4.1663706143593515;0.8545989080883706
-4.156370614359352;0.8493633785055608
-4.146370614359352;0.8440429132926974
-4.136370614359352;0.8386380444918744
-4.126370614359352;0.8331493125854637
-4.116370614359353;0.8275772664420836
-4.106370614359353;0.8219224632617042
-4.096370614359353;0.8161854685199319
-4.086370614359353;0.8103668559114598
-4.076370614359353;0.8044672072926998
-4.066370614359354;0.7984871126235981
-4.056370614359354;0.7924271699086382
-4.046370614359354;0.7862879851370401
-4.036370614359354;0.7800701722221672
-4.0263706143593545;0.7737743529401283
-4.016370614359355;0.7674011568676046
-4.006370614359355;0.7609512213188928
-3.996370614359355;0.7544251912821723
-3.9863706143593554;0.7478237193550105
-3.9763706143593556;0.741147465679097
-3.966370614359356;0.7343970978742359
-3.956370614359356;0.7275732909715854
-3.946370614359356;0.7206767273461434
-3.9363706143593564;0.7137080966485314
-3.9263706143593566;0.706668095736007
-3.916370614359357;0.6995574286028163
-3.906370614359357;0.69237680630971
-3.8963706143593573;0.6851269469129501
-3.8863706143593575;0.6778085753924361
-3.8763706143593577;0.6704224235792219
-3.866370614359358;0.6629692300823333
-3.856370614359358;0.6554497402149091
-3.8463706143593583;0.6478647059196693
-3.8363706143593586;0.640214885693723
-3.8263706143593588;0.6325010445127203
-3.816370614359359;0.6247239537543462
-3.806370614359359;0.6168843911211987
-3.7963706143593594;0.608983140563008
-3.7863706143593596;0.6010209921982465
-3.77637061435936;0.5929987422351131
-3.76637061435936;0.58491719289192
-3.7563706143593603;0.5767771523168669
-3.7463706143593605;0.5685794345072283
-3.7363706143593607;0.5603248592279554
-3.726370614359361;0.5520142519296938
-3.716370614359361;0.5436484436662498
-3.7063706143593613;0.5352282710114791
-3.6963706143593615;0.5267545759756277
-3.6863706143593618;0.5182282059211405
-3.676370614359362;0.5096500134779155
-3.666370614359362;0.5010208564580517
-3.6563706143593624;0.49234159777005665
-3.6463706143593626;0.48361310533256874
-3.636370614359363;0.474836251987556
-3.626370614359363;0.4660119154130412
-3.6163706143593632;0.4571409780353261
-3.6063706143593635;0.44822432694075726
-3.5963706143593637;0.4392628537870141
-3.586370614359364;0.4302574547139426
-3.576370614359364;0.42120903025394657
-3.5663706143593643;0.41211848524193156
-3.5563706143593645;0.4029867287248236
-3.5463706143593647;0.393814673870664
-3.536370614359365;0.38460323787729606
-3.526370614359365;0.37535334188064123
-3.5163706143593654;0.3660659108625919
-3.5063706143593656;0.356741873558509
-3.496370614359366;0.3473821623643564
-3.486370614359366;0.33798771324344973
-3.4763706143593662;0.32855946563287525
-3.4663706143593664;0.3190983623495359
-3.4563706143593667;0.3096053494958751
-3.446370614359367;0.3000813763652692
-3.436370614359367;0.29052739534709415
-3.4263706143593673;0.28094436183148946
-3.4163706143593675;0.27133323411382065
-3.4063706143593677;0.2616949732988515
-3.396370614359368;0.25203054320463025
-3.386370614359368;0.2423409102661129
-3.3763706143593684;0.23262704343852045
-3.3663706143593686;0.22288991410042247
-3.356370614359369;0.21313049595667216
-3.346370614359369;0.20334976494093523
-3.336370614359369;0.19354869911816036
-3.3263706143593694;0.18372827858676521
-3.3163706143593696;0.17388948538061752
-3.30637061435937;0.16403330337083846
-3.29637061435937;0.15416071816741575
-3.2863706143593703;0.1442727170206438
-3.2763706143593705;0.13437028872239648
-3.2663706143593707;0.12445442350725155
-3.256370614359371;0.1145261129534685
-3.246370614359371;0.10458634988382737
-3.2363706143593713;0.09463612826635219
-3.2263706143593716;0.08467644311491472
-3.2163706143593718;0.07470829038972801
-3.206370614359372;0.06473266689775965
-3.196370614359372;0.05475057019304527
-3.1863706143593724;0.04476299847693694
-3.1763706143593726;0.03477095049828325
-3.166370614359373;0.024775425453555194
-3.156370614359373;0.014777422886927759
-3.151592653589793;0.009999833334163662
-3.1463706143593733;0.004777942590326612
-3.142592653589793;9.99999833330516E-4
-3.1416926535897933;9.999999983121027E-5
-3.141592653589793;-2.6512111039239643E-15
-3.141492653589793;-9.999999983610755E-5
-3.1405926535897932;-9.999998333354888E-4
-3.1363706143593735;-0.005222015496552664
-3.1315926535897933;-0.009999833334168382
-3.1263706143593737;-0.015221451386233492
-3.116370614359374;-0.02521936514346036
-3.106370614359374;-0.035214756985189034
-3.0963706143593743;-0.04520662738056429
-3.0863706143593745;-0.05519397715087449
-3.0763706143593748;-0.06517580756946362
-3.066370614359375;-0.07515112046160931
-3.056370614359375;-0.08511891830433395
-3.0463706143593754;-0.0950782043261608
-3.0363706143593756;-0.10502798260678618
-3.026370614359376;-0.11496725817667487
-3.016370614359376;-0.12489503711655052
-3.0063706143593762;-0.13481032665679393
-2.9963706143593765;-0.1447121352767131
-2.9863706143593767;-0.15459947280369812
-2.976370614359377;-0.16447135051223435
-2.966370614359377;-0.1743267812227796
-2.9563706143593773;-0.18416477940047346
-2.9463706143593775;-0.19398436125369795
-2.9363706143593777;-0.20378454483244915
-2.926370614359378;-0.2135643501265382
-2.916370614359378;-0.22332279916358352
-2.9063706143593784;-0.23305891610681503
-2.8963706143593786;-0.24277172735265024
-2.886370614359379;-0.2524602616280597
-2.876370614359379;-0.2621235500876887
-2.8663706143593792;-0.2717606264107451
-2.8563706143593794;-0.2813705268976262
-2.8463706143593797;-0.2909522905662925
-2.83637061435938;-0.3005049592483615
-2.82637061435938;-0.3100275776849136
-2.8163706143593803;-0.31951919362206643
-2.8063706143593805;-0.3289788579061214
-2.7963706143593807;-0.3384056245785337
-2.786370614359381;-0.34779855097049195
-2.776370614359381;-0.3571566977971843
-2.7663706143593814;-0.3664791292517267
-2.7563706143593816;-0.37576491309874177
-2.746370614359382;-0.38501312076758365
-2.736370614359382;-0.3942228274451919
-2.726370614359382;-0.40339311216857315
-2.7163706143593824;-0.41252305791689775
-2.7063706143593826;-0.4216117517031983
-2.696370614359383;-0.43065828466567047
-2.686370614359383;-0.4396617521585574
-2.6763706143593833;-0.4486212538426113
-2.6663706143593835;-0.45753589377513076
-2.6563706143593837;-0.4664047804995522
-2.646370614359384;-0.47522702713459153
-2.636370614359384;-0.48400175146294
-2.6263706143593843;-0.49272807601947505
-2.6163706143593846;-0.5014051281790134
-2.6063706143593848;-0.5100320402435697
-2.596370614359385;-0.5186079495291274
-2.586370614359385;-0.5271319984519042
-2.5763706143593854;-0.5356033346141105
-2.5663706143593856;-0.5440211108891901
-2.556370614359386;-0.5523844855065306
-2.546370614359386;-0.5606926221356389
-2.5363706143593863;-0.568944689969776
-2.5263706143593865;-0.5771398638090355
-2.5163706143593867;-0.5852773241428618
-2.506370614359387;-0.5933562572320037
-2.496370614359387;-0.6013758551898838
-2.4863706143593873;-0.6093353160633905
-2.4763706143593875;-0.6172338439130681
-2.4663706143593878;-0.6250706488927142
-2.456370614359388;-0.6328449473283617
-2.446370614359388;-0.6405559617966454
-2.4363706143593884;-0.6482029212025441
-2.4263706143593886;-0.6557850608564901
-2.416370614359389;-0.663301622550836
-2.406370614359389;-0.6707518546356762
-2.3963706143593893;-0.678135012094011
-2.3863706143593895;-0.6854503566162471
-2.3763706143593897;-0.6926971566740285
-2.36637061435939;-0.699874687593388
-2.35637061435939;-0.7069822316272147
-2.3463706143593903;-0.7140190780270291
-2.3363706143593905;-0.7209845231140545
-2.3263706143593907;-0.7278778703495974
-2.316370614359391;-0.7346984304046568
-2.306370614359391;-0.7414455212289225
-2.2963706143593914;-0.7481184681189349
-2.2863706143593916;-0.7547166037855648
-2.276370614359392;-0.7612392684207453
-2.266370614359392;-0.7676858097634475
-2.2563706143593922;-0.7740555831649093
-2.2463706143593924;-0.7803479516530987
-2.2363706143593927;-0.7865622859964111
-2.226370614359393;-0.7926979647665897
-2.216370614359393;-0.7987543744008717
-2.2063706143593933;-0.8047309092633397
-2.1963706143593935;-0.8106269717054884
-2.1863706143593937;-0.8164419721259871
-2.176370614359394;-0.8221753290296386
-2.166370614359394;-0.8278264690855315
-2.1563706143593944;-0.8333948271843691
-2.1463706143593946;-0.8388798464949809
-2.136370614359395;-0.844280978520008
-2.126370614359395;-0.849597683150748
-2.116370614359395;-0.854829428721169
-2.1063706143593954;-0.859975692061073
-2.0963706143593956;-0.8650359585484152
-2.086370614359396;-0.8700097221607634
-2.076370614359396;-0.8748964855259013
-2.0663706143593963;-0.8796957599715646
-2.0563706143593965;-0.8844070655743079
-2.0463706143593967;-0.8890299312074973
-2.036370614359397;-0.893563894588422
-2.026370614359397;-0.8980085023245217
-2.0163706143593974;-0.902363309958727
-2.0063706143593976;-0.906627882013903
-1.9963706143593976;-0.9108017920363992
-1.9863706143593975;-0.9148846226386901
-1.9763706143593975;-0.9188759655411185
-1.9663706143593975;-0.9227754216127203
-1.9563706143593975;-0.9265826009111379
-1.9463706143593975;-0.9302971227216139
-1.9363706143593975;-0.9339186155950628
-1.9263706143593975;-0.937446717385215
-1.9163706143593975;-0.9408810752848318
-1.9063706143593975;-0.944221345860985
-1.8963706143593975;-0.9474671950894007
-1.8863706143593975;-0.9506182983878607
-1.8763706143593974;-0.9536743406486613
-1.8663706143593974;-0.9566350162701229
-1.8563706143593974;-0.9595000291871505
-1.8463706143593974;-0.9622690929008325
-1.8363706143593974;-0.9649419305071212
-1.8263706143593974;-0.9675182747244749
-1.8163706143593974;-0.9699978679206186
-1.8063706143593974;-0.9723804621382988
-1.7963706143593974;-0.9746658191200797
-1.7863706143593974;-0.9768537103321674
-1.7763706143593974;-0.9789439169872634
-1.7663706143593974;-0.9809362300664447
-1.7563706143593973;-0.9828304503400638
-1.7463706143593973;-0.9846263883876711
-1.7363706143593973;-0.9863238646169589
-1.7263706143593973;-0.9879227092817189
-1.7163706143593973;-0.9894227624988171
-1.7063706143593973;-0.9908238742641812
-1.6963706143593973;-0.992125904467803
-1.6863706143593973;-0.9933287229077464
-1.6763706143593973;-0.9944322093031707
-1.6663706143593973;-0.9954362533063551
-1.6563706143593973;-0.9963407545137364
-1.6463706143593972;-0.9971456224759474
-1.6363706143593972;-0.9978507767068627
-1.6263706143593972;-0.9984561466916472
-1.6163706143593972;-0.9989616718938059
-1.6063706143593972;-0.9993673017612411
-1.5963706143593972;-0.9996729957313032
-1.5863706143593972;-0.9998787232348503
-1.5807963267948966;-0.9999500004166648
-1.5763706143593972;-0.9999844636993034
-1.5717963267948964;-0.9999995000000415
-1.5708963267948965;-0.9999999949999996
-1.5707963267948966;-1.0
-1.5706963267948966;-0.9999999949999996
-1.5697963267948967;-0.9999995000000412
-1.5663706143593972;-0.9999902065507041
-1.5607963267948965;-0.9999500004166649
-1.5563706143593972;-0.9998959512147721
-1.5463706143593972;-0.9997017071169628
-1.5363706143593971;-0.9994074936815236
-1.5263706143593971;-0.9990133403295527
-1.5163706143593971;-0.9985192864760573
-1.5063706143593971;-0.9979253815260114
-1.496370614359397;-0.9972316848694142
-1.486370614359397;-0.9964382658753537
-1.476370614359397;-0.9955452038850684
-1.466370614359397;-0.9945525882040122
-1.456370614359397;-0.9934605180929272
-1.446370614359397;-0.9922691027579141
-1.436370614359397;-0.990978461339513
-1.426370614359397;-0.9895887229007907
-1.416370614359397;-0.9881000264144325
-1.406370614359397;-0.9865125207488525
-1.396370614359397;-0.9848263646532825
-1.386370614359397;-0.9830417267419331
-1.376370614359397;-0.9811587854771086
-1.366370614359397;-0.9791777291513658
-1.356370614359397;-0.9770987558686868
-1.346370614359397;-0.974922073524667
-1.336370614359397;-0.9726478997857272
-1.326370614359397;-0.970276462067346
-1.316370614359397;-0.9678079975113195
-1.306370614359397;-0.9652427529620455
-1.296370614359397;-0.9625809849418416
-1.286370614359397;-0.9598229596252918
-1.276370614359397;-0.9569689528126293
-1.266370614359397;-0.9540192499021571
-1.256370614359397;-0.9509741458617079
-1.2463706143593969;-0.9478339451991485
-1.2363706143593969;-0.944598961931928
-1.2263706143593969;-0.9412695195556778
-1.2163706143593969;-0.9378459510118605
-1.2063706143593969;-0.9343285986544778
-1.1963706143593968;-0.9307178142158341
-1.1863706143593968;-0.9270139587713646
-1.1763706143593968;-0.923217402703527
-1.1663706143593968;-0.919328525664764
-1.1563706143593968;-0.9153477165395394
-1.1463706143593968;-0.911275373405448
-1.1363706143593968;-0.9071119034934096
-1.1263706143593968;-0.9028577231469459
-1.1163706143593968;-0.8985132577805468
-1.1063706143593968;-0.8940789418371277
-1.0963706143593968;-0.8895552187445884
-1.0863706143593967;-0.8849425408714683
-1.0763706143593967;-0.8802413694817105
-1.0663706143593967;-0.8754521746885366
-1.0563706143593967;-0.870575435407435
-1.0463706143593967;-0.8656116393082698
-1.0363706143593967;-0.8605612827665144
-1.0263706143593967;-0.8554248708136141
-1.0163706143593967;-0.8502029170864807
-1.0063706143593967;-0.844895943776143
-0.9963706143593967;-0.8395044815755051
-0.9863706143593967;-0.8340290696262941
-0.9763706143593966;-0.8284702554651427
-0.9663706143593966;-0.8228285949688343
-0.9563706143593966;-0.8171046522987168
-0.9463706143593966;-0.8112989998442881
-0.9363706143593966;-0.8054122181659549
-0.9263706143593966;-0.7994448959369798
-0.9163706143593966;-0.7933976298846128
-0.9063706143593966;-0.7872710247304197
-0.8963706143593966;-0.7810656931298107
-0.8863706143593966;-0.7747822556107746
-0.8763706143593966;-0.7684213405118272
-0.8663706143593966;-0.7619835839191773
-0.8563706143593965;-0.7554696296031201
-0.8463706143593965;-0.748880128953658
-0.8363706143593965;-0.7422157409153655
-0.8263706143593965;-0.7354771319214926
-0.8163706143593965;-0.7286649758273231
-0.8063706143593965;-0.7217799538427896
-0.7963706143593965;-0.7148227544643531
-0.7863706143593965;-0.7077940734061537
-0.7763706143593965;-0.70069461353044
-0.7663706143593965;-0.6935250847772839
-0.7563706143593965;-0.6862862040935855
-0.7463706143593964;-0.6789786953613808
-0.7363706143593964;-0.6716032893254542
-0.7263706143593964;-0.6641607235202621
-0.7163706143593964;-0.6566517421961836
-0.7063706143593964;-0.6490770962450935
-0.6963706143593964;-0.6414375431252743
-0.6863706143593964;-0.6337338467856727
-0.6763706143593964;-0.6259667775895038
-0.6663706143593964;-0.6181371122372109
-0.6563706143593964;-0.6102456336888069
-0.6463706143593964;-0.6022931310855705
-0.6363706143593963;-0.5942803996711347
-0.6263706143593963;-0.586208240711964
-0.6163706143593963;-0.5780774614172274
-0.6063706143593963;-0.5698888748580785
-0.5963706143593963;-0.5616432998863499
-0.5863706143593963;-0.553341561052667
-0.5763706143593963;-0.5449844885239954
-0.5663706143593963;-0.5365729180006236
-0.5563706143593963;-0.5281076906325942
-0.5463706143593963;-0.5195896529355901
-0.5363706143593963;-0.5110196567062822
-0.5263706143593962;-0.502398558937152
-0.5163706143593962;-0.49372722173079225
-0.5063706143593962;-0.48500651221369734
-0.4963706143593962;-0.47623730244955176
-0.4863706143593962;-0.46742046935202447
-0.4763706143593962;-0.45855689459707766
-0.4663706143593962;-0.4496474645348006
-0.4563706143593962;-0.44069307010077496
-0.4463706143593962;-0.43169460672698234
-0.43637061435939617;-0.4226529742522613
-0.42637061435939616;-0.4135690768323247
-0.41637061435939615;-0.4044438228493446
-0.40637061435939614;-0.39527812482111485
-0.39637061435939613;-0.38607289930979954
-0.3863706143593961;-0.3768290668302808
-0.3763706143593961;-0.367547551758102
-0.3663706143593961;-0.35822928223703604
-0.3563706143593961;-0.3488751900862697
-0.3463706143593961;-0.3394862107072232
-0.3363706143593961;-0.33006328299001
-0.32637061435939607;-0.3206073492195497
-0.31637061435939606;-0.31111935498133936
-0.30637061435939605;-0.30160024906689603
-0.29637061435939605;-0.29205098337887886
-0.28637061435939604;-0.28247251283589875
-0.276370614359396;-0.2728657952770279
-0.266370614359396;-0.2632317913660169
-0.256370614359396;-0.2535714644952282
-0.246370614359396;-0.24388578068929906
-0.236370614359396;-0.23417570850853836
-0.22637061435939598;-0.22444221895207256
-0.21637061435939597;-0.21468628536074613
-0.20637061435939597;-0.2049088833197883
-0.19637061435939596;-0.1951109905612553
-0.18637061435939595;-0.18529358686625835
-0.17637061435939594;-0.17545765396698523
-0.16637061435939593;-0.1656041754485297
-0.15637061435939592;-0.15573413665053237
-0.1463706143593959;-0.14584852456864802
-0.1363706143593959;-0.13594832775584684
-0.1263706143593959;-0.12603453622355995
-0.1163706143593959;-0.11610814134267917
-0.1063706143593959;-0.10617013574442061
-0.09637061435939591;-0.0962215132210624
-0.08637061435939591;-0.0862632686265664
-0.07637061435939592;-0.0762963977770936
-0.06637061435939592;-0.06632189735142317
-0.05637061435939592;-0.05634076479128565
-0.04637061435939592;-0.04635399820161952
-0.03637061435939592;-0.036362596250761416
-0.026370614359395916;-0.026367558070580294
-0.016370614359395914;-0.01636988315656501
-0.01;-0.009999833334166666
-0.006370614359395914;-0.006370571267875588
-0.001;-9.999998333333417E-4
-1.0E-4;-9.999999983333334E-5
0.0;0.0
