x;system
-12.566370614359172;undefined
-12.566270614359173;-1.0000000029361658E8
-12.565370614359173;-1000000.3312799778
-12.556370614359173;-10000.313340307848
-12.546370614359173;-2500.2933628227293
-12.536370614359173;-1111.3845142795003
-12.526370614359173;-625.2534640231685
-12.516370614359174;-400.2335483851063
-12.506370614359174;-277.9914374349635
-12.496370614359174;-204.27543441176832
-12.486370614359174;-156.4239792666129
-12.476370614359174;-123.61098772713542
-12.466370614359175;-100.13446328083322
-12.456370614359175;-82.7594123066374
-12.446370614359175;-69.53961453097023
-12.436370614359175;-59.24723054840131
-12.426370614359175;-51.07659578213401
-12.416370614359176;-44.48129729524614
-12.406370614359176;-39.08015200348374
-12.396370614359176;-34.600690609776365
-12.386370614359176;-30.843974865598362
-12.376370614359177;-27.662018290965765
-12.366370614359177;-24.94290326269498
-12.356370614359177;-22.600736839241144
-12.346370614359177;-20.56872846790309
-12.336370614359177;-18.79432913861969
-12.326370614359178;-17.235760612357254
-12.316370614359178;-15.85950017913871
-12.306370614359178;-14.638434094624886
-12.296370614359178;-13.550487035673632
-12.286370614359178;-12.577596275584341
-12.276370614359179;-11.70494011123981
-12.266370614359179;-10.920357885612631
-12.256370614359179;-10.213918454127034
-12.24637061435918;-9.57760821524839
-12.23637061435918;-9.00512099659428
-12.22637061435918;-8.491741811803982
-12.21637061435918;-8.034326324334714
-12.20637061435918;-7.6313895958636175
-12.19637061435918;-7.283334027055274
-12.18637061435918;-6.992871837538637
-12.17637061435918;-6.765740382568894
-12.166370614359181;-6.611885751806257
-12.156370614359181;-6.547436575284963
-12.146370614359181;-6.598084413689602
-12.136370614359182;-6.805118181991078
-12.126370614359182;-7.236818977680483
-12.116370614359182;-8.011622332178895
-12.106370614359182;-9.350013767548695
-12.096370614359182;-11.707326044866111
-12.086370614359183;-16.185736028903094
-12.076370614359183;-26.278439368660685
-12.066370614359183;-61.838358640390794
-12.056370614359183;409.53982988234696
-12.046370614359184;58.52163009732883
-12.036370614359184;36.05576447747529
-12.026370614359184;28.735397873534733
-12.016370614359184;25.696948623467943
-12.006370614359184;24.54077525212802
-11.996370614359185;24.44541692245521
-11.986370614359185;25.065413624552995
-11.976370614359185;26.241515244896046
-11.966370614359185;27.90140443276159
-11.956370614359185;30.019504079553734
-11.946370614359186;32.598791372874125
-11.936370614359186;35.66196504000999
-11.926370614359186;39.24701107227448
-11.916370614359186;43.4050102673135
-11.906370614359187;48.199164293479704
-11.896370614359187;53.70451698395195
-11.886370614359187;60.0080841862023
-11.876370614359187;67.20922492044603
-11.866370614359187;75.42015168093022
-11.856370614359188;84.7665177048573
-11.846370614359188;95.38804870196823
-11.836370614359188;107.43921391169008
-11.826370614359188;121.08996094589831
-11.816370614359188;136.52657297198908
-11.806370614359189;153.95274591819197
-11.796370614359189;173.59102647424197
-11.786370614359189;195.6847962557451
-11.77637061435919;220.50103018455286
-11.76637061435919;248.33409431048688
-11.75637061435919;279.51087725568544
-11.74637061435919;314.3975695821854
-11.73637061435919;353.4084191508987
-11.72637061435919;397.016804055058
-11.71637061435919;445.7689874848499
-11.70637061435919;500.3009629243506
-11.696370614359191;561.3588765950057
-11.686370614359191;629.8236401635028
-11.676370614359191;706.7405328278898
-11.666370614359192;793.3548499799966
-11.656370614359192;891.1549987489792
-11.646370614359192;1001.9248853687621
-11.636370614359192;1127.8080086783918
-11.626370614359193;1271.3864018195634
-11.616370614359193;1435.7784988780465
-11.606370614359193;1624.7612135222996
-11.596370614359193;1842.9230983400994
-11.586370614359193;2095.8575387214696
-11.576370614359194;2390.407705701686
-11.566370614359194;2734.978699105139
-11.556370614359194;3139.937303328101
-11.546370614359194;3618.1265380042746
-11.536370614359194;4185.531395101467
-11.526370614359195;4862.144774476804
-11.516370614359195;5673.10003028384
-11.506370614359195;6650.160682421201
-11.496370614359195;7833.691561681204
-11.486370614359195;9275.283060959833
-11.476370614359196;11041.26728842507
-11.466370614359196;13217.460666035646
-11.456370614359196;15915.605141809061
-11.446370614359196;19282.17958171755
-11.436370614359197;23510.544204045502
-11.426370614359197;28857.810155853047
-11.416370614359197;35668.464539807595
-11.406370614359197;44407.73906334836
-11.396370614359197;55709.16226749712
-11.386370614359198;70442.95836567384
-11.376370614359198;89815.396581394
-11.366370614359198;115514.58087161809
-11.356370614359198;149926.70079389977
-11.346370614359198;196460.44499386253
-11.336370614359199;260039.50646350248
-11.326370614359199;347859.72322938463
-11.316370614359199;470568.59326398687
-11.3063706143592;644128.7614613588
-11.2963706143592;892806.2308406879
-11.2863706143592;1254038.458467445
-11.2763706143592;1786499.4678838067
-11.2663706143592;2583703.3552544457
-11.2563706143592;3797393.613138985
-11.2463706143592;5678592.579826848
-11.2363706143592;8651253.472860511
-11.226370614359201;1.3447590413622899E7
-11.216370614359201;2.136321493261819E7
-11.206370614359201;3.47517496257847E7
-11.196370614359202;5.8013266969577186E7
-11.186370614359202;9.96362757712414E7
-11.176370614359202;1.7657284081333315E8
-11.166370614359202;3.2399748673362285E8
-11.156370614359203;6.180688105727303E8
-11.146370614359203;1.2317323945953493E9
-11.136370614359203;2.5794170045697875E9
-11.126370614359203;5.716844039911524E9
-11.116370614359203;1.3529027109653282E10
-11.106370614359204;3.4569805840431E10
-11.096370614359204;9.675421277404124E10
-11.086370614359204;3.022476692494264E11
-11.076370614359204;1.0809974060749368E12
-11.066370614359204;4.586678673069877E12
-11.056370614359205;2.431724318198352E13
-11.046370614359205;1.7451106958675438E14
-11.036370614359205;1.936529425435648E15
-11.026370614359205;4.2531322637767256E16
-11.016370614359206;3.185288902220745E18
-11.006370614359206;4.3075839130680935E21
-11.005574287564276;1.0005334820290967E22
-10.996574287564275;1.0000053333542841E33
-10.996370614359206;1.2246073108141117E34
-10.995674287564276;1.0000000533589565E44
-10.995574287564276;undefined
-10.995474287564276;-1.0000000511599042E44
-10.994574287564276;-1.0000053330543695E33
-10.986370614359206;-2.492430846123116E22
-10.985574287564276;-1.0005334820092817E22
-10.976370614359206;-7.649390767223907E18
-10.966370614359207;-7.623656807725885E16
-10.956370614359207;-2.9989290253476455E15
-10.946370614359207;-2.475349212357607E14
-10.936370614359207;-3.25302085542332E13
-10.926370614359207;-5.88408070633212E12
-10.916370614359208;-1.3438251168181536E12
-10.906370614359208;-3.6663898353789923E11
-10.896370614359208;-1.1508450986094498E11
-10.886370614359208;-4.046247413082684E10
-10.876370614359208;-1.5623683556582888E10
-10.866370614359209;-6.527117046113355E9
-10.856370614359209;-2.916296052577944E9
-10.84637061435921;-1.3807940507706325E9
-10.83637061435921;-6.877093342243385E8
-10.82637061435921;-3.581281966447708E8
-10.81637061435921;-1.9402638032909647E8
-10.80637061435921;-1.089072273761616E8
-10.79637061435921;-6.3109131010772295E7
-10.78637061435921;-3.7640819582401715E7
-10.77637061435921;-2.304797527519546E7
-10.76637061435921;-1.4455718596699048E7
-10.756370614359211;-9268965.709603634
-10.746370614359211;-6065459.053693834
-10.736370614359211;-4044652.3429336087
-10.726370614359212;-2744751.367732499
-10.716370614359212;-1893268.608474
-10.706370614359212;-1326010.5190646213
-10.696370614359212;-942090.9781709816
-10.686370614359213;-678385.8786211456
-10.676370614359213;-494722.7163343057
-10.666370614359213;-365125.94312081364
-10.656370614359213;-272547.3213748519
-10.646370614359213;-205639.64511564682
-10.636370614359214;-156749.71435899305
-10.626370614359214;-120650.89477197091
-10.616370614359214;-93731.30737168659
-10.606370614359214;-73466.84819229628
-10.596370614359214;-58074.74229506278
-10.586370614359215;-46283.03288470726
-10.576370614359215;-37175.45053554655
-10.566370614359215;-30085.874658896784
-10.556370614359215;-24525.788966108063
-10.546370614359216;-20133.923380284188
-10.536370614359216;-16640.967451407858
-10.526370614359216;-13844.621868631437
-10.516370614359216;-11591.807334370653
-10.506370614359216;-9765.87285502881
-10.496370614359217;-8277.325930400035
-10.486370614359217;-7057.064086984916
-10.476370614359217;-6051.39688022672
-10.466370614359217;-5218.35918851869
-10.456370614359217;-4524.962550788028
-10.446370614359218;-3945.132702030628
-10.436370614359218;-3458.1524697837044
-10.426370614359218;-3047.479291589538
-10.416370614359218;-2699.8422142479644
-10.406370614359219;-2404.5487147191106
-10.396370614359219;-2152.950047066025
-10.386370614359219;-1938.027153305962
-10.37637061435922;-1754.0689348422802
-10.36637061435922;-1596.4218944629702
-10.35637061435922;-1461.2955654952123
-10.34637061435922;-1345.612290786488
-10.33637061435922;-1246.8932273683424
-10.32637061435922;-1163.1753083969875
-10.31637061435922;-1092.9566929605287
-10.30637061435922;-1035.1715227968584
-10.29637061435922;-989.1995099637002
-10.286370614359221;-954.9238337668884
-10.276370614359221;-932.8660541843951
-10.266370614359221;-924.4589034758676
-10.256370614359222;-932.5922121015599
-10.246370614359222;-962.75758297514
-10.236370614359222;-1025.668344638047
-10.226370614359222;-1144.1058849248539
-10.216370614359223;-1374.7649989351078
-10.206370614359223;-1905.2781556799273
-10.196370614359223;-3933.3648513599414
-10.186370614359223;10090.221826552082
-10.176370614359223;1809.07843150014
-10.166370614359224;886.5503867179767
-10.156370614359224;540.4388932258872
-10.146370614359224;363.504618986728
-10.136370614359224;258.54868933417663
-10.126370614359224;190.5912756268564
-10.116370614359225;143.98664752485436
-10.106370614359225;110.70725139879647
-10.096370614359225;86.22357901433939
-10.086370614359225;67.79516582543503
-10.076370614359226;53.67310860740166
-10.066370614359226;42.693395906925176
-10.056370614359226;34.05461205778086
-10.046370614359226;27.189434576981366
-10.036370614359226;21.686851790543184
-10.026370614359227;17.24323103200171
-10.016370614359227;13.630511346809053
-10.006370614359227;10.674936802379683
-9.996370614359227;8.242484721246845
-9.986370614359227;6.228664298489607
-9.976370614359228;4.5512377760294225
-9.966370614359228;3.144938227844648
-9.956370614359228;1.957577675062376
-9.946370614359228;0.9471400971206694
-9.936370614359229;0.07958300726892498
-9.926370614359229;-0.6728440345065931
-9.916370614359229;-1.3328989815256582
-9.90637061435923;-1.9193614586834353
-9.89637061435923;-2.4478314793251963
-9.88637061435923;-2.9313640865268757
-9.87637061435923;-3.3809781027801353
-9.86637061435923;-3.8060677207249327
-9.85637061435923;-4.214738823466032
-9.84637061435923;-4.614086926698857
-9.83637061435923;-5.010429967104958
-9.82637061435923;-5.4095064641330355
-9.816370614359231;-5.816647607293373
-9.806370614359231;-6.236930396851951
-9.796370614359232;-6.675317975271602
-9.786370614359232;-7.136792653228292
-9.776370614359232;-7.6264868122679825
-9.766370614359232;-8.149816837413923
-9.756370614359232;-8.712625503366196
-9.746370614359233;-9.321338839392565
-9.736370614359233;-9.983144493252153
-9.726370614359233;-10.70620010514771
-9.716370614359233;-11.499882343583812
-9.706370614359233;-12.375090276230798
-9.696370614359234;-13.34462099051378
-9.686370614359234;-14.423641344686072
-9.676370614359234;-15.630288173636771
-9.666370614359234;-16.98644133230178
-9.656370614359234;-18.51873137515008
-9.646370614359235;-20.259869150118202
-9.636370614359235;-22.250422408104676
-9.626370614359235;-24.54122158080719
-9.616370614359235;-27.196664465232217
-9.606370614359236;-30.299326641175348
-9.596370614359236;-33.956503630462166
-9.586370614359236;-38.30966957226844
-9.576370614359236;-43.54843991425614
-9.566370614359236;-49.93166800215914
-9.556370614359237;-57.82016782414823
-9.546370614359237;-67.72900719928059
-9.536370614359237;-80.41398809669758
-9.526370614359237;-97.02046511937104
-9.516370614359237;-119.35169285936767
-9.506370614359238;-150.38047663570313
-9.496370614359238;-195.2932451999045
-9.486370614359238;-263.80852757389374
-9.476370614359238;-375.9157353701738
-9.466370614359239;-578.3020690556945
-9.456370614359239;-1002.1780982527282
-9.446370614359239;-2145.095931881251
-9.43637061435924;-7441.361188323836
-9.43477796076938;-10000.31334034942
-9.42637061435924;-394237.30198252137
-9.425777960769379;-1000000.3313389256
-9.42487796076938;-1.0000000033848763E8
-9.42477796076938;undefined
-9.42467796076938;-1.0000000032914232E8
-9.42377796076938;-1000000.335328953
-9.41637061435924;-14147.92876205732
-9.41477796076938;-10000.35333967331
-9.40637061435924;-2951.699194918291
-9.39637061435924;-1239.58237872608
-9.38637061435924;-678.3192222825922
-9.37637061435924;-427.18412148900256
-9.36637061435924;-293.5835466542026
-9.356370614359241;-214.16544733004508
-9.346370614359241;-163.15257213734293
-9.336370614359241;-128.45548034644105
-9.326370614359242;-103.79360096794808
-9.316370614359242;-85.64140017790754
-9.306370614359242;-71.89581246024285
-9.296370614359242;-61.23923382943753
-9.286370614359242;-52.81208757711274
-9.276370614359243;-46.03424011898383
-9.266370614359243;-40.502671227812456
-9.256370614359243;-35.93033565565141
-9.246370614359243;-32.108301057951074
-9.236370614359243;-28.881558996345834
-9.226370614359244;-26.13314365695828
-9.216370614359244;-23.773450308670522
-9.206370614359244;-21.732894914335535
-9.196370614359244;-19.956771578657165
-9.186370614359245;-18.40158650900085
-9.176370614359245;-17.032402928730054
-9.166370614359245;-15.820890205801017
-9.156370614359245;-14.743871277432197
-9.146370614359245;-13.782227742568734
-9.136370614359246;-12.920065056936636
-9.126370614359246;-12.144069147757163
-9.116370614359246;-11.443005436672294
-9.106370614359246;-10.807324848169989
-9.096370614359246;-10.228850890124699
-9.086370614359247;-9.700528626686305
-9.076370614359247;-9.216221182956582
-9.066370614359247;-8.770542902253695
-9.056370614359247;-8.358720811387359
-9.046370614359247;-7.976477905379308
-9.036370614359248;-7.619933126192583
-9.026370614359248;-7.285513909958558
-9.016370614359248;-6.9698779049760295
-9.006370614359248;-6.669840982486211
-8.996370614359249;-6.382309018854338
-8.986370614359249;-6.104211152452225
-8.976370614359249;-5.832432332205938
-8.96637061435925;-5.563742990737895
-8.95637061435925;-5.294723600621479
-8.94637061435925;-5.021681710030279
-8.93637061435925;-4.740558802616343
-8.92637061435925;-4.446823981106585
-8.91637061435925;-4.135351027392801
-8.90637061435925;-3.8002748341410233
-8.89637061435925;-3.434822522972796
-8.886370614359251;-3.031113750403657
-8.876370614359251;-2.5799237442941596
-8.866370614359251;-2.0704015031914667
-8.856370614359252;-1.4897343277901625
-8.846370614359252;-0.8227484484102909
-8.836370614359252;-0.05143399348280209
-8.826370614359252;0.8456190326332722
-8.816370614359252;1.893888633708623
-8.806370614359253;3.123708792204674
-8.796370614359253;4.571194697552814
-8.786370614359253;6.279322631644041
-8.776370614359253;8.299181001425133
-8.766370614359253;10.691406423780908
-8.756370614359254;13.52781386074282
-8.746370614359254;16.89322185647507
-8.736370614359254;20.88746224780836
-8.726370614359254;25.627547809028748
-8.716370614359255;31.249951121259844
-8.706370614359255;37.91292436309416
-8.696370614359255;45.798764897946256
-8.686370614359255;55.11590956920745
-8.676370614359255;66.10072788238405
-8.666370614359256;79.01888943731812
-8.656370614359256;94.16621434844936
-8.646370614359256;111.8689870366168
-8.636370614359256;132.48383058376243
-8.626370614359256;156.39740064700055
-8.616370614359257;184.02635380393664
-8.606370614359257;215.81825166770193
-8.596370614359257;252.25424521891938
-8.586370614359257;293.8545063797163
-8.576370614359258;341.187407121333
-8.566370614359258;394.8833827445362
-8.556370614359258;455.654277696595
-8.546370614359258;524.3188115447841
-8.536370614359258;601.8346911719651
-8.526370614359259;689.3379066612484
-8.516370614359259;788.1899411633203
-8.506370614359259;900.0340324480228
-8.49637061435926;1026.8622551296128
-8.48637061435926;1171.096045135394
-8.47637061435926;1335.6838651177475
-8.46637061435926;1524.2210382319345
-8.45637061435926;1741.0984234519638
-8.44637061435926;1991.6886832959206
-8.43637061435926;2282.5815790657794
-8.42637061435926;2621.8832671684067
-8.416370614359261;3019.599305063119
-8.406370614359261;3488.1274781877046
-8.396370614359261;4042.8952834609195
-8.386370614359262;4703.188866493239
-8.376370614359262;5493.236705005496
-8.366370614359262;6443.634212692986
-8.356370614359262;7593.227374830233
-8.346370614359262;8991.618394692563
-8.336370614359263;10702.51979903105
-8.326370614359263;12808.273883950475
-8.316370614359263;15415.98421168058
-8.306370614359263;18665.893730890515
-8.296370614359263;22742.918171110403
-8.286370614359264;27892.646661441904
-8.276370614359264;34443.72029350169
-8.266370614359264;42839.396652185336
-8.256370614359264;53682.46617267846
-8.246370614359265;67799.76193316988
-8.236370614359265;86335.71173030461
-8.226370614359265;110889.3924237911
-8.216370614359265;143717.4684490661
-8.206370614359265;188038.07493268044
-8.196370614359266;248491.26150661646
-8.186370614359266;331845.39743973344
-8.176370614359266;448095.2705654969
-8.166370614359266;612192.9787765276
-8.156370614359266;846816.7818354485
-8.146370614359267;1186870.2062494115
-8.136370614359267;1686915.36733122
-8.126370614359267;2433674.0710052103
-8.116370614359267;3567454.2871841295
-8.106370614359268;5319628.169822864
-8.096370614359268;8079632.769555672
-8.086370614359268;1.2517598090772925E7
-8.076370614359268;1.9814559724285547E7
-8.066370614359268;3.2106706121321782E7
-8.056370614359269;5.336872235831992E7
-8.046370614359269;9.122866555557083E7
-8.036370614359269;1.6083304644021764E8
-8.02637061435927;2.9341062504515725E8
-8.01637061435927;5.560985636168739E8
-8.00637061435927;1.100145637760326E9
-7.99637061435927;2.284734063057553E9
-7.98637061435927;5.015475298720186E9
-7.97637061435927;1.173795392258291E10
-7.9663706143592705;2.9603338123997353E10
-7.956370614359271;8.156947406927657E10
-7.946370614359271;2.5001683413862958E11
-7.936370614359271;8.73323171988356E11
-7.926370614359271;3.5954073305163604E12
-7.916370614359272;1.8316106527742984E13
-7.906370614359272;1.2437120979005147E14
-7.896370614359272;1.2716866303370952E15
-7.886370614359272;2.443768745439739E16
-7.876370614359272;1.4150886511194191E18
-7.866370614359273;9.48340503936627E20
-7.863981633974483;1.000533482032183E22
-7.856370614359273;6.9131311558801345E28
-7.854981633974483;1.0000053333628933E33
-7.854081633974483;1.0000000536278225E44
-7.853981633974483;undefined
-7.853881633974483;-1.0000000530918305E44
-7.8529816339744825;-1.0000053333121343E33
-7.846370614359273;-2.0149437268749855E23
-7.843981633974483;-1.0005334820270044E22
-7.836370614359273;-1.981932660611038E19
-7.8263706143592735;-1.4120793414241315E17
-7.816370614359274;-4.729452910000901E15
-7.806370614359274;-3.551972564317694E14
-7.796370614359274;-4.386615504878405E13
-7.786370614359274;-7.592794006972637E12
-7.776370614359275;-1.6780491756584358E12
-7.766370614359275;-4.463229059747002E11
-7.756370614359275;-1.372799340039912E11
-7.746370614359275;-4.747181403615269E10
-7.736370614359275;-1.8078596006010292E10
-7.726370614359276;-7.464894997743202E9
-7.716370614359276;-3.302006815127163E9
-7.706370614359276;-1.5498730536999953E9
-7.696370614359276;-7.660560202620411E8
-7.6863706143592765;-3.962476597635828E8
-7.676370614359277;-2.1339345771449432E8
-7.666370614359277;-1.1913455726834793E8
-7.656370614359277;-6.870082168654312E7
-7.646370614359277;-4.079552769508549E7
-7.6363706143592776;-2.487930453584611E7
-7.626370614359278;-1.5546877411440186E7
-7.616370614359278;-9934829.142857602
-7.606370614359278;-6480828.85397562
-7.596370614359278;-4309082.66155239
-7.586370614359279;-2916293.352625453
-7.576370614359279;-2006518.7529399325
-7.566370614359279;-1402008.5684186476
-7.556370614359279;-993875.3935552497
-7.5463706143592795;-714179.8984007038
-7.53637061435928;-519798.61195890175
-7.52637061435928;-382916.4946491802
-7.51637061435928;-285320.21963523614
-7.50637061435928;-214913.49174009037
-7.4963706143592805;-163554.63522980153
-7.486370614359281;-125694.20885277576
-7.476370614359281;-97504.30186498404
-7.466370614359281;-76314.49888268608
-7.456370614359281;-60241.80383371569
-7.446370614359282;-47944.866681040854
-7.436370614359282;-38458.874822980055
-7.426370614359282;-31083.416073800345
-7.416370614359282;-25305.522410248937
-7.4063706143592825;-20746.33128335827
-7.396370614359283;-17123.76514143838
-7.386370614359283;-14226.181767509644
-7.376370614359283;-11893.60900367955
-7.366370614359283;-10004.269799499774
-7.3563706143592835;-8464.829112535184
-7.346370614359284;-7203.2807632532285
-7.336370614359284;-6163.721625208411
-7.326370614359284;-5302.485320153172
-7.316370614359284;-4585.26233673786
-7.306370614359285;-3984.9408859447403
-7.296370614359285;-3479.9779174503205
-7.286370614359285;-3053.162647379787
-7.276370614359285;-2690.672512133379
-7.266370614359285;-2381.3483113337134
-7.256370614359286;-2116.1346239033437
-7.246370614359286;-1887.6455791111296
-7.236370614359286;-1689.826273977112
-7.226370614359286;-1517.6876255734417
-7.2163706143592865;-1367.0979900946836
-7.206370614359287;-1234.6190071003157
-7.196370614359287;-1117.3762171430476
-7.186370614359287;-1012.9573208196551
-7.176370614359287;-919.3326797350453
-7.166370614359288;-834.7939236481469
-7.156370614359288;-757.9073937049751
-7.146370614359288;-687.4796578020171
-7.136370614359288;-622.5325091769324
-7.126370614359288;-562.2847518132633
-7.116370614359289;-506.1377913925014
-7.106370614359289;-453.66177990703653
-7.096370614359289;-404.579080161479
-7.086370614359289;-358.7424142682067
-7.0763706143592895;-316.106408175958
-7.06637061435929;-276.6932302749818
-7.05637061435929;-240.55517300220592
-7.04637061435929;-207.73862146139817
-7.03637061435929;-178.25423854417895
-7.026370614359291;-152.05714371338988
-7.016370614359291;-129.0387332809671
-7.006370614359291;-109.02936809146898
-6.996370614359291;-91.80925450670557
-6.986370614359291;-77.12394708029308
-6.976370614359292;-64.70102399790161
-6.966370614359292;-54.2653046790821
-6.956370614359292;-45.5510590065336
-6.946370614359292;-38.31064883269366
-6.9363706143592925;-32.31975869455002
-6.926370614359293;-27.379777869665045
-6.916370614359293;-23.318044756240248
-6.906370614359293;-19.986643962383773
-6.896370614359293;-17.26033744558486
-6.8863706143592935;-15.034072426749095
-6.876370614359294;-13.220375754294073
-6.866370614359294;-11.74683346662762
-6.856370614359294;-10.553770071881672
-6.846370614359294;-9.592182665517738
-6.836370614359295;-8.821945890877986
-6.826370614359295;-8.210279859504217
-6.816370614359295;-7.730459977445063
-6.806370614359295;-7.360741580123152
-6.7963706143592955;-7.083470706754756
-6.786370614359296;-6.884353389758089
-6.776370614359296;-6.751858258496567
-6.766370614359296;-6.676730274279045
-6.756370614359296;-6.651596551607726
-6.7463706143592965;-6.670648214255279
-6.736370614359297;-6.729384952349882
-6.726370614359297;-6.824411338853821
-6.716370614359297;-6.95327602936054
-6.706370614359297;-7.114346733082272
-6.696370614359298;-7.306715343315921
-6.686370614359298;-7.530128895799562
-6.676370614359298;-7.784943127497487
-6.666370614359298;-8.072096380044103
-6.656370614359298;-8.39310247397925
-6.646370614359299;-8.75006201461044
-6.636370614359299;-9.145692422151935
-6.626370614359299;-9.583377856334014
-6.616370614359299;-10.067241185522777
-6.6063706143592995;-10.602241302083089
-6.5963706143593;-11.1943004988262
-6.5863706143593;-11.850468415617543
-6.5763706143593;-12.579131405189255
-6.5663706143593;-13.390279284387049
-6.556370614359301;-14.295845663049121
-6.546370614359301;-15.310143860154573
-6.536370614359301;-16.450428539227065
-6.526370614359301;-17.737624692650325
-6.516370614359301;-19.197282108358007
-6.506370614359302;-20.860837487113727
-6.496370614359302;-22.76730192048812
-6.486370614359302;-24.965544866337815
-6.476370614359302;-27.51742750429085
-6.4663706143593025;-30.502165860766983
-6.456370614359303;-34.02250721258792
-6.446370614359303;-38.2136344338909
-6.436370614359303;-43.256266866714256
-6.426370614359303;-49.39637962073822
-6.416370614359304;-56.975657201112696
-6.406370614359304;-66.47991795407242
-6.396370614359304;-78.6187351137068
-6.386370614359304;-94.4615301497497
-6.376370614359304;-115.68102269314535
-6.366370614359305;-145.0129743302774
-6.356370614359305;-187.18335142676798
-6.346370614359305;-250.9368716863399
-6.336370614359305;-353.9620224717146
-6.3263706143593055;-536.6212424027999
-6.316370614359306;-908.4467412986181
-6.306370614359306;-1860.6424936256478
-6.296370614359306;-5752.367906605173
-6.293185307179586;-10000.35333967722
-6.286370614359306;-98559.5826628261
-6.284185307179587;-1000000.335332732
-6.283285307179586;-1.0000000033399945E8
-6.283185307179586;undefined
-6.2830853071795865;-1.0000000029361658E8
-6.282185307179586;-1000000.3313067472
-6.2763706143593065;-21533.46304647293
-6.2731853071795864;-10000.313340307848
-6.266370614359307;-3537.194376831029
-6.256370614359307;-1391.0466639345022
-6.246370614359307;-738.0920694191742
-6.236370614359307;-456.5243135812846
-6.226370614359308;-310.01803765493526
-6.216370614359308;-224.20426498400178
-6.206370614359308;-169.6575373557301
-6.196370614359308;-132.84295974332153
-6.1863706143593085;-106.8292061366529
-6.176370614359309;-87.76823831778628
-6.166370614359309;-73.38471676533325
-6.156370614359309;-62.263297886114955
-6.146370614359309;-53.48613912156496
-6.1363706143593095;-46.43690641668478
-6.12637061435931;-40.68928747257952
-6.11637061435931;-35.94079650628166
-6.10637061435931;-31.972001037712428
-6.09637061435931;-28.620595899532493
-6.086370614359311;-25.764452947575403
-6.076370614359311;-23.310263855068932
-6.066370614359311;-21.185762993395457
-6.056370614359311;-19.334297537973047
-6.0463706143593114;-17.710970149191304
-6.036370614359312;-16.2798562189246
-6.026370614359312;-15.011968909399558
-6.016370614359312;-13.88375365865587
-6.006370614359312;-12.875964002249441
-5.9963706143593125;-11.972816938566622
-5.986370614359313;-11.161357407667534
-5.976370614359313;-10.430983209701997
-5.966370614359313;-9.773097362254472
-5.956370614359313;-9.180866860093172
-5.946370614359314;-8.649076819913994
-5.936370614359314;-8.174078607067118
-5.926370614359314;-7.7538414362237535
-5.916370614359314;-7.388131431949947
-5.906370614359314;-7.078864003813524
-5.896370614359315;-6.830711476369868
-5.886370614359315;-6.652111541230776
-5.876370614359315;-6.5569408059898056
-5.866370614359315;-6.56735191636676
-5.8563706143593155;-6.7187640179468335
-5.846370614359316;-7.0691032956986755
-5.836370614359316;-7.7171103280131295
-5.826370614359316;-8.841981397634402
-5.816370614359316;-10.800123153849366
-5.806370614359317;-14.404968156693098
-5.796370614359317;-21.97913393225366
-5.786370614359317;-43.78150048293169
-5.776370614359317;-325.2166629551081
-5.766370614359317;77.72219977531385
-5.756370614359318;40.39044750050224
-5.746370614359318;30.393165417237007
-5.736370614359318;26.396817661749964
-5.726370614359318;24.76882761960825
-5.7163706143593185;24.386857656951932
-5.706370614359319;24.802274072890516
-5.696370614359319;25.812114298764968
-5.686370614359319;27.322415320415224
-5.676370614359319;29.295364756258657
-5.6663706143593195;31.726109224020725
-5.65637061435932;34.631697518565176
-5.64637061435932;38.045563760875446
-5.63637061435932;42.014767863884025
-5.62637061435932;46.59870675695452
-5.616370614359321;51.86865341836121
-5.606370614359321;57.907778958687715
-5.596370614359321;64.81146041579052
-5.586370614359321;72.68775508380641
-5.5763706143593215;81.6579681067388
-5.566370614359322;91.85727192211804
-5.556370614359322;103.43536362495836
-5.546370614359322;116.55717486701762
-5.536370614359322;131.40368143100744
-5.5263706143593225;148.17289718705032
-5.516370614359323;167.08117917339374
-5.506370614359323;188.36501499703365
-5.496370614359323;212.28350744372952
-5.486370614359323;239.12181047548205
-5.476370614359324;269.1958025573533
-5.466370614359324;302.85830608389125
-5.456370614359324;340.50717697966087
-5.446370614359324;382.5956012624228
-5.4363706143593244;429.64495397221873
-5.426370614359325;482.2606117356456
-5.416370614359325;541.1511763192409
-5.406370614359325;607.1516760866118
-5.396370614359325;681.2514779581293
-5.3863706143593255;764.6278762999924
-5.376370614359326;858.686639627539
-5.366370614359326;965.1112061761941
-5.356370614359326;1085.9227459577785
-5.346370614359326;1223.5539797610672
-5.336370614359327;1380.940507950161
-5.326370614359327;1561.6345154863695
-5.316370614359327;1769.9471705833287
-5.306370614359327;2011.1279421200968
-5.296370614359327;2291.591589700229
-5.286370614359328;2619.2069564585904
-5.276370614359328;3003.666231597402
-5.266370614359328;3456.95948297972
-5.256370614359328;3993.9876003230356
-5.2463706143593285;4633.358197370296
-5.236370614359329;5398.42471917421
-5.226370614359329;6318.650736070637
-5.216370614359329;7431.411695967409
-5.206370614359329;8784.38890215332
-5.19637061435933;10438.770520502427
-5.18637061435933;12473.559855643105
-5.17637061435933;14991.413636307085
-5.16637061435933;18126.610079693746
-5.15637061435933;22056.00443451148
-5.146370614359331;27014.2087142553
-5.136370614359331;33314.79422936013
-5.126370614359331;41380.15630331682
-5.116370614359331;51783.95084663293
-5.1063706143593315;65311.95117551378
-5.096370614359332;83050.16378496529
-5.086370614359332;106513.70554006807
-5.076370614359332;137837.30346695925
-5.066370614359332;180060.03194991816
-5.0563706143593325;237555.91813839984
-5.046370614359333;316693.23101270676
-5.036370614359333;426857.14463504724
-5.026370614359333;582058.0698640541
-5.016370614359333;803498.2677165584
-5.006370614359334;1123731.6873726065
-4.996370614359334;1593518.073494915
-4.986370614359334;2293316.5256523783
-4.976370614359334;3352923.9571348038
-4.9663706143593345;4985711.343372814
-4.956370614359335;7549610.099544231
-4.946370614359335;1.1658301911317185E7
-4.936370614359335;1.838908725318314E7
-4.926370614359335;2.9682198087388907E7
-4.9163706143593355;4.913087561512406E7
-4.906370614359336;8.359586229625982E7
-4.896370614359336;1.4662333074527615E8
-4.886370614359336;2.659682890060093E8
-4.876370614359336;5.008852747408873E8
-4.866370614359337;9.838248749598873E8
-4.856370614359337;2.0265596869482534E9
-4.846370614359337;4.4072854395323305E9
-4.836370614359337;1.02032647665939E10
-4.8263706143593375;2.540713674554799E10
-4.816370614359338;6.895302151630185E10
-4.806370614359338;2.0749480145297086E11
-4.796370614359338;7.084719082182307E11
-4.786370614359338;2.8334966321034595E12
-4.7763706143593385;1.3895620973389803E13
-4.766370614359339;8.95458873946765E13
-4.756370614359339;8.481967049038144E14
-4.746370614359339;1.4420762261069894E16
-4.736370614359339;6.647613057223411E17
-4.72637061435934;2.507931029988264E20
-4.7223889803846895;1.0005334820290967E22
-4.71637061435934;2.5081993538641993E26
-4.71338898038469;1.0000053333445198E33
-4.712488980384689;1.0000000533589565E44
-4.71238898038469;undefined
-4.71228898038469;-1.0000000511599042E44
-4.711388980384689;-1.000005333201581E33
-4.70637061435934;-2.665749444872904E24
-4.70238898038469;-1.0005334820092817E22
-4.69637061435934;-5.620746409940623E19
-4.68637061435934;-2.7132381077241546E17
-4.676370614359341;-7.607488416938277E15
-4.666370614359341;-5.160160301229434E14
-4.656370614359341;-5.965356980299166E13
-4.646370614359341;-9.857981225699041E12
-4.6363706143593415;-2.1051865375494202E12
-4.626370614359342;-5.453188354908981E11
-4.616370614359342;-1.6424080391574908E11
-4.606370614359342;-5.583128277698738E10
-4.596370614359342;-2.096205983562436E10
-4.586370614359343;-8.552283285192517E9
-4.576370614359343;-3.744347818061942E9
-4.566370614359343;-1.7419330779241445E9
-4.556370614359343;-8.543109118419822E8
-4.546370614359343;-4.388724131693129E8
-4.536370614359344;-2.3490791011709574E8
-4.526370614359344;-1.3042932162064813E8
-4.516370614359344;-7.484352155938515E7
-4.506370614359344;-4.424452498993504E7
-4.4963706143593445;-2.68727501900697E7
-4.486370614359345;-1.6729899603548346E7
-4.476370614359345;-1.0654112369386394E7
-4.466370614359345;-6928012.801648864
-4.456370614359345;-4592882.800310262
-4.4463706143593456;-3099873.2014184734
-4.436370614359346;-2127395.2621898144
-4.426370614359346;-1482926.4099501523
-4.416370614359346;-1048888.6445566746
-4.406370614359346;-752128.3002398323
-4.396370614359347;-546335.3238337511
-4.386370614359347;-401713.542725548
-4.376370614359347;-298797.9318114442
-4.366370614359347;-224689.296034292
-4.3563706143593475;-170723.54546815134
-4.346370614359348;-131006.72252395323
-4.336370614359348;-101480.81209976612
-4.326370614359348;-79319.85063464809
-4.316370614359348;-62534.48705596922
-4.3063706143593485;-49709.86041502193
-4.296370614359349;-39829.82327969177
-4.286370614359349;-32157.762570309897
-4.276370614359349;-26154.94314576147
-4.266370614359349;-21423.99898063935
-4.25637061435935;-17669.453024775066
-4.24637061435935;-14669.882164986628
-4.23637061435935;-12258.121001644944
-4.22637061435935;-10307.065121575266
-4.2163706143593505;-8719.408492315084
-4.206370614359351;-7420.167830313015
-4.196370614359351;-6351.19699691383
-4.186370614359351;-5467.133222190831
-4.176370614359351;-4732.381100182627
-4.1663706143593515;-4118.85407134914
-4.156370614359352;-3604.272585366522
-4.146370614359352;-3170.8740775142433
-4.136370614359352;-2804.429554250744
-4.126370614359352;-2493.4899056650574
-4.116370614359353;-2228.805430117199
-4.106370614359353;-2002.876809150034
-4.096370614359353;-1809.6065393313395
-4.086370614359353;-1644.0277600498341
-4.076370614359353;-1502.093331535789
-4.066370614359354;-1380.5125142605118
-4.056370614359354;-1276.6261374649189
-4.046370614359354;-1188.3141055603548
-4.036370614359354;-1113.9318590955056
-4.0263706143593545;-1052.2754637974556
-4.016370614359355;-1002.5791149467254
-4.006370614359355;-964.5554709908215
-3.996370614359355;-938.5014721853707
-3.9863706143593554;-925.5173938240298
-3.9763706143593556;-927.9432553271018
-3.966370614359356;-950.2561437259291
-3.956370614359356;-1001.0587569367049
-3.946370614359356;-1098.0323941573329
-3.9363706143593564;-1282.6221779526545
-3.9263706143593566;-1677.4700086268754
-3.916370614359357;-2868.104374028018
-3.906370614359357;-42686.03217828209
-3.8963706143593573;2524.20774820232
-3.8863706143593575;1075.1573805700702
-3.8763706143593577;624.0233718223951
-3.866370614359358;409.397436440937
-3.856370614359358;286.86602388492196
-3.8463706143593583;209.38644730780285
-3.8363706143593586;157.09611770616723
-3.8263706143593588;120.18344937086606
-3.816370614359359;93.25952206490969
-3.806370614359359;73.12885500028452
-3.7963706143593594;57.78366908608367
-3.7863706143593596;45.90409066047946
-3.77637061435936;36.590477214403634
-3.76637061435936;29.211229977907408
-3.7563706143593603;23.311933265119176
-3.7463706143593605;18.558853433479857
-3.7363706143593607;14.702572646394792
-3.726370614359361;11.553880755668619
-3.716370614359361;8.967379194204288
-3.7063706143593613;6.830077402082992
-3.6963706143593615;5.053303372400357
-3.6863706143593618;3.566863543383865
-3.676370614359362;2.3147598637939275
-3.666370614359362;1.2520041480308168
-3.6563706143593624;0.3422181091229364
-3.6463706143593626;-0.4441958715599905
-3.636370614359363;-1.131463932893391
-3.626370614359363;-1.7395371306402607
-3.6163706143593632;-2.284952444965171
-3.6063706143593635;-2.7815149993929125
-3.5963706143593637;-3.2408434024105297
-3.586370614359364;-3.672809627097721
-3.576370614359364;-4.085897266333669
-3.5663706143593643;-4.487496482151326
-3.5563706143593645;-4.884149922180581
-3.5463706143593647;-5.281760901034542
-3.536370614359365;-5.6857729611651875
-3.526370614359365;-6.101328342994565
-3.5163706143593654;-6.533411775476945
-3.5063706143593656;-6.986985257282179
-3.496370614359366;-7.4671190809622905
-3.486370614359366;-7.979124230897447
-3.4763706143593662;-8.528691458697994
-3.4663706143593664;-9.122042830516508
-3.4563706143593667;-9.76610240157869
-3.446370614359367;-10.468693992186104
-3.436370614359367;-11.23877595238196
-3.4263706143593673;-12.086725512476
-3.4163706143593675;-13.024689123986988
-3.4063706143593677;-14.067020544612571
-3.396370614359368;-15.230835973496896
-3.386370614359368;-16.53672629553654
-3.3763706143593684;-18.0096819642365
-3.3663706143593686;-19.680308590132448
-3.356370614359369;-21.586444597155
-3.346370614359369;-23.775342267842554
-3.336370614359369;-26.306649751600318
-3.3263706143593694;-29.25655020435744
-3.3163706143593696;-32.72360251856456
-3.30637061435937;-36.83713392739905
-3.29637061435937;-41.7695441569609
-3.2863706143593703;-47.75475335175678
-3.2763706143593705;-55.11656821726198
-3.2663706143593707;-64.31356470418827
-3.256370614359371;-76.01246808094403
-3.246370614359371;-91.21275439593398
-3.2363706143593713;-111.46781706494774
-3.2263706143593716;-139.2987564728959
-3.2163706143593718;-179.01941740215014
-3.206370614359372;-238.51591338864282
-3.196370614359372;-333.4879454916691
-3.1863706143593724;-498.9807018313342
-3.1763706143593726;-827.0473213637689
-3.166370614359373;-1629.0880143305346
-3.156370614359373;-4579.307355017827
-3.151592653589793;-10000.31334034942
-3.1463706143593733;-43804.43176043986
-3.142592653589793;-1000000.3313390514
-3.1416926535897933;-1.0000000033737946E8
-3.141592653589793;undefined
-3.141492653589793;-1.0000000032798493E8
-3.1405926535897932;-1000000.335329105
-3.1363706143593735;-36671.08933718877
-3.1315926535897933;-10000.35333967331
-3.1263706143593737;-4316.09438448625
-3.116370614359374;-1572.3369937114392
-3.106370614359374;-806.470597186972
-3.0963706143593743;-489.41359129628637
-3.0863706143593745;-328.36938064666396
-3.0763706143593748;-235.54158773920932
-3.066370614359375;-177.21384418508165
-3.056370614359375;-138.19211972092037
-3.0463706143593754;-110.81134215839528
-3.0363706143593756;-90.86476767158703
-3.026370614359376;-75.88749518151901
-3.016370614359376;-64.35755891299283
-3.0063706143593762;-55.29399710342136
-2.9963706143593765;-48.04147577049104
-2.9863706143593767;-42.14869104042651
-2.976370614359377;-37.29662876172269
-2.966370614359377;-33.25461674882939
-2.9563706143593773;-29.85251227697369
-2.9463706143593775;-26.96259312285799
-2.9363706143593777;-24.487467253678822
-2.926370614359378;-22.35181889571825
-2.916370614359378;-20.496660122475884
-2.9063706143593784;-18.87525480600361
-2.8963706143593786;-17.45018094116392
-2.886370614359379;-16.191181745651647
-2.876370614359379;-15.07357219768788
-2.8663706143593792;-14.077042500474425
-2.8563706143593794;-13.18474903736629
-2.8463706143593797;-12.382616126034845
-2.83637061435938;-11.658794075920662
-2.82637061435938;-11.00323431905472
-2.8163706143593803;-10.407353024535505
-2.8063706143593805;-9.8637621140489
-2.7963706143593807;-9.366051951031954
-2.786370614359381;-8.90861383384888
-2.776370614359381;-8.486493225528424
-2.7663706143593814;-8.095266701330639
-2.7563706143593816;-7.730937099207218
-2.746370614359382;-7.38984246238731
-2.736370614359382;-7.068575169735419
-2.726370614359382;-6.763908229863665
-2.7163706143593824;-6.472726119608373
-2.7063706143593826;-6.191957811476936
-2.696370614359383;-5.918509781926528
-2.686370614359383;-5.6491968383726014
-2.6763706143593833;-5.380668556715651
-2.6663706143593835;-5.109328986889519
-2.6563706143593837;-4.831247061267844
-2.646370614359384;-4.542054826015665
-2.636370614359384;-4.2368302020061765
-2.6263706143593843;-3.909960460700055
-2.6163706143593846;-3.554981960611009
-2.6063706143593848;-3.16439092000599
-2.596370614359385;-2.729419090122237
-2.586370614359385;-2.2397671316833785
-2.5763706143593854;-1.6832872825259395
-2.5663706143593856;-1.045605542013365
-2.556370614359386;-0.3096721106412019
-2.546370614359386;0.5447727431993332
-2.5363706143593863;1.5418317819461063
-2.5263706143593865;2.710198688582236
-2.5163706143593867;4.084037678127911
-2.506370614359387;5.704012258843255
-2.496370614359387;7.618480076584817
-2.4863706143593873;9.884868790036334
-2.4763706143593875;12.571243832944724
-2.4663706143593878;15.758072020053858
-2.456370614359388;19.540174530735946
-2.446370614359388;24.02884827328454
-2.4363706143593884;29.35411577885516
-2.4263706143593886;35.66704110805731
-2.416370614359389;43.1420244799349
-2.406370614359389;51.97896488130241
-2.3963706143593893;62.40516340324038
-2.3863706143593895;74.67683846485258
-2.3763706143593897;89.08014732717866
-2.36637061435939;105.9316667831333
-2.35637061435939;125.57838793097523
-2.3463706143593903;148.397428021099
-2.3363706143593905;174.7958493376825
-2.3263706143593907;205.21118144778455
-2.316370614359391;240.11343778411248
-2.306370614359391;280.0095631726892
-2.2963706143593914;325.451312704554
-2.2863706143593916;377.0475286714029
-2.276370614359392;435.48166342824993
-2.266370614359392;501.53523530428214
-2.2563706143593922;576.1177691720641
-2.2463706143593924;660.3037381503823
-2.2363706143593927;755.3771530629049
-2.226370614359393;862.8847833422958
-2.216370614359393;984.6995530844113
-2.2063706143593933;1123.0964383537112
-2.1963706143593935;1280.844195974464
-2.1863706143593937;1461.3174976061753
-2.176370614359394;1668.6355777495894
-2.166370614359394;1907.8354285605255
-2.1563706143593944;2185.090042320177
-2.1463706143593946;2507.9854366864665
-2.136370614359395;2885.874507569289
-2.126370614359395;3330.331565095295
-2.116370614359395;3855.7393079908675
-2.1063706143593954;4480.050802402374
-2.0963706143593956;5225.78391211485
-2.086370614359396;6121.326230277884
-2.076370614359396;7202.657261935922
-2.0663706143593963;8515.634840345385
-2.0563706143593965;10119.04954713641
-2.0463706143593967;12088.73162979065
-2.036370614359397;14523.110516866427
-2.026370614359397;17550.7938887818
-2.0163706143593974;21340.976050209403
-2.0063706143593976;26117.84162071116
-1.9963706143593976;32180.657982854136
-1.9863706143593975;39932.037934062515
-1.9763706143593975;49918.04268366667
-1.9663706143593975;62885.60654722649
-1.9563706143593975;79865.55355487939
-1.9463706143593975;102293.81792262838
-1.9363706143593975;132190.31801631537
-1.9263706143593975;172425.833175852
-1.9163706143593975;227124.83045962153
-1.9063706143593975;302280.98362621816
-1.8963706143593975;406709.91583186
-1.8863706143593975;553544.203131859
-1.8763706143593974;762613.4561096195
-1.8663706143593974;1064292.081960504
-1.8563706143593974;1505822.1255676518
-1.8463706143593974;2161885.5186766363
-1.8363706143593974;3152612.902107997
-1.8263706143593974;4674875.614383145
-1.8163706143593974;7057830.298693252
-1.8063706143593974;1.0863801520895258E7
-1.7963706143593974;1.7076104162733257E7
-1.7863706143593974;2.7458235434698343E7
-1.7763706143593974;4.526111177685732E7
-1.7663706143593974;7.666058984553067E7
-1.7563706143593973;1.3378295947900714E8
-1.7463706143593973;2.4132158323365152E8
-1.7363706143593973;4.5163475855438286E8
-1.7263706143593973;8.808631632558485E8
-1.7163706143593973;1.8000295001399975E9
-1.7063706143593973;3.878977378990723E9
-1.6963706143593973;8.885588175443155E9
-1.6863706143593973;2.185321973823432E10
-1.6763706143593973;5.8440195323591515E10
-1.6663706143593973;1.7275441186103705E11
-1.6563706143593973;5.77032820254803E11
-1.6463706143593972;2.244520533051014E12
-1.6363706143593972;1.0614403153323137E13
-1.6263706143593972;6.50943701982167E13
-1.6163706143593972;5.739754238718899E14
-1.6063706143593972;8.718331753843621E15
-1.5963706143593972;3.278506545441968E17
-1.5863706143593972;7.6572311491786E19
-1.5807963267948966;1.000533482032183E22
-1.5763706143593972;6.194252586195761E24
-1.5717963267948964;1.0000053333792824E33
-1.5708963267948965;1.0000000536278225E44
-1.5707963267948966;undefined
-1.5706963267948966;-1.0000000530918305E44
-1.5697963267948967;-1.0000053333245837E33
-1.5663706143593972;-7.838451179557005E25
-1.5607963267948965;-1.0005334820270062E22
-1.5563706143593972;-1.7781649552087296E20
-1.5463706143593972;-5.433283474045509E17
-1.5363706143593971;-1.2503544127535048E16
-1.5263706143593971;-7.596160039643191E14
-1.5163706143593971;-8.184990310774523E13
-1.5063706143593971;-1.2881523881331629E13
-1.496370614359397;-2.6539068060290225E12
-1.486370614359397;-6.688082581405055E11
-1.476370614359397;-1.970976395013461E11
-1.466370614359397;-6.582781648852424E10
-1.456370614359397;-2.4356530249862E10
-1.446370614359397;-9.815568286882751E9
-1.436370614359397;-4.252470714995268E9
-1.426370614359397;-1.9604108833282657E9
-1.416370614359397;-9.538523873635364E8
-1.406370614359397;-4.865881157895225E8
-1.396370614359397;-2.5883160091321215E8
-1.386370614359397;-1.4291404556608E8
-1.376370614359397;-8.159693782038075E7
-1.366370614359397;-4.801798931402686E7
-1.356370614359397;-2.9044074688261494E7
-1.346370614359397;-1.801326487135845E7
-1.336370614359397;-1.1431498796388028E7
-1.326370614359397;-7409657.766428673
-1.316370614359397;-4897577.809895211
-1.306370614359397;-3296382.6424741237
-1.296370614359397;-2256423.998706963
-1.286370614359397;-1569073.878927162
-1.276370614359397;-1107310.2812723028
-1.266370614359397;-792330.3765152488
-1.256370614359397;-574381.5962309529
-1.2463706143593969;-421533.2065471411
-1.2363706143593969;-312974.9099654992
-1.2263706143593969;-234946.6114411176
-1.2163706143593969;-178225.30463175196
-1.2063706143593969;-136549.20981929314
-1.1963706143593968;-105615.12274298994
-1.1863706143593968;-82431.64007302596
-1.1763706143593968;-64896.4880692535
-1.1663706143593968;-51516.88119736003
-1.1563706143593968;-41222.33571434822
-1.1463706143593968;-33237.97215251232
-1.1363706143593968;-26997.84938378099
-1.1263706143593968;-22085.082368219937
-1.1163706143593968;-18190.0672480367
-1.1063706143593968;-15081.070138297706
-1.0963706143593968;-12583.338230980124
-1.0863706143593967;-10564.138811395855
-1.0763706143593967;-8921.957500727776
-1.0663706143593967;-7578.639103075964
-1.0563706143593967;-6473.626966378039
-1.0463706143593967;-5559.710385088703
-1.0363706143593967;-4799.863709097341
-1.0263706143593967;-4164.881366898229
-1.0163706143593967;-3631.597113123063
-1.0063706143593967;-3181.534933077804
-0.9963706143593967;-2799.8809035949325
-0.9863706143593967;-2474.6951669542127
-0.9763706143593966;-2196.3046146236475
-0.9663706143593966;-1956.8323774749115
-0.9563706143593966;-1749.8315000665928
-0.9463706143593966;-1569.9984425224377
-0.9363706143593966;-1412.9481518994194
-0.9263706143593966;-1275.036975065564
-0.9163706143593966;-1153.2230714838095
-0.9063706143593966;-1044.956526022745
-0.8963706143593966;-948.0932658699688
-0.8863706143593966;-860.8282890376056
-0.8763706143593966;-781.644699055593
-0.8663706143593966;-709.2756580477038
-0.8563706143593965;-642.6766472971685
-0.8463706143593965;-581.005398932152
-0.8363706143593965;-523.6066176956143
-0.8263706143593965;-469.9983101346315
-0.8163706143593965;-419.8564317352277
-0.8063706143593965;-372.9949481344396
-0.7963706143593965;-329.33951135918926
-0.7863706143593965;-288.89476908315766
-0.7763706143593965;-251.70749442874802
-0.7663706143593965;-217.82957788392972
-0.7563706143593965;-187.2857447887495
-0.7463706143593964;-160.05025625241606
-0.7363706143593964;-136.03499346160646
-0.7263706143593964;-115.08890092568092
-0.7163706143593964;-97.0066246048308
-0.7063706143593964;-81.54294051237797
-0.6963706143593964;-68.42939036526269
-0.6863706143593964;-57.39018420735846
-0.6763706143593964;-48.15547138919778
-0.6663706143593964;-40.47112922960528
-0.6563706143593964;-34.105032606675586
-0.6463706143593964;-28.85026909907791
-0.6363706143593963;-24.52598591876924
-0.6263706143593963;-20.97657867385911
-0.6163706143593963;-18.069843551832065
-0.6063706143593963;-15.694580438838813
-0.5963706143593963;-13.757997119362788
-0.5863706143593963;-12.18314578545412
-0.5763706143593963;-10.906530338651912
-0.5663706143593963;-9.875956082276131
-0.5563706143593963;-9.048648379585682
-0.5463706143593963;-8.389638642369357
-0.5363706143593963;-7.870399866175466
-0.5263706143593962;-7.467705945444876
-0.5163706143593962;-7.162686241782065
-0.5063706143593962;-6.94004724990592
-0.4963706143593962;-6.787435294029124
-0.4863706143593962;-6.694917079760005
-0.4763706143593962;-6.6545580632483885
-0.4663706143593962;-6.66008165832833
-0.4563706143593962;-6.706595116379307
-0.4463706143593962;-6.790370411383339
-0.43637061435939617;-6.908670630451232
-0.42637061435939616;-7.059614226394862
-0.41637061435939615;-7.242071068723881
-0.40637061435939614;-7.4555855749294455
-0.39637061435939613;-7.700323359324627
-0.3863706143593961;-7.9770388459246035
-0.3763706143593961;-8.287062197755219
-0.3663706143593961;-8.63230476003243
-0.3563706143593961;-9.015283042381311
-0.3463706143593961;-9.439162122564806
-0.3363706143593961;-9.907820294643281
-0.32637061435939607;-10.42593787284282
-0.31637061435939606;-10.99911438093976
-0.30637061435939605;-11.634020014438903
-0.29637061435939605;-12.33858940756529
-0.28637061435939604;-13.12226857631845
-0.276370614359396;-13.996329737718561
-0.266370614359396;-14.974273951458057
-0.256370614359396;-16.072348822385102
-0.246370614359396;-17.31021877969667
-0.236370614359396;-18.711840135119136
-0.22637061435939598;-20.3066144104174
-0.21637061435939597;-22.13092474834143
-0.20637061435939597;-24.23020705579234
-0.19637061435939596;-26.661778773390356
-0.18637061435939595;-29.498758594491296
-0.17637061435939594;-32.8355851569109
-0.16637061435939593;-36.79592538815163
-0.15637061435939592;-41.54423199828089
-0.1463706143593959;-47.303008901664825
-0.1363706143593959;-54.37924867303036
-0.1263706143593959;-63.20606414553358
-0.1163706143593959;-74.41037913914259
-0.1063706143593959;-88.92713438240057
-0.09637061435939591;-108.20047618022534
-0.08637061435939591;-134.5567825040492
-0.07637061435939592;-171.9402789185405
-0.06637061435939592;-227.47803612760953
-0.05637061435939592;-315.14458626026243
-0.04637061435939592;-465.4918790110293
-0.03637061435939592;-756.3659910482446
-0.026370614359395916;-1438.3881632617802
-0.016370614359395914;-3731.7509419135
-0.01;-10000.353339676793
-0.006370614359395914;-24640.15681707889
-0.001;-1000000.3353333997
-1.0E-4;-1.0000000033353332E8
0.0;undefined
9.0E-4;-0.595154039842272
0.001;-0.6354509756714273
0.0011;-0.672977765883664
0.002;-0.9346201620281263
0.009000000000000001;-1.8866020564588433
0.0099;-1.9678325482126482
0.01;-1.9765941704175207
0.0101;-1.9853063663057775
0.011;-2.0616242592845704
0.02;-2.6894807941992833
0.05;-4.13815585870549
0.09000000000000001;-5.647930572662706
0.099;-5.965053418994532
0.0999;-5.996528818194322
0.1;-6.000023754655848
0.10010000000000001;-6.003518231873988
0.101;-6.034948162318783
0.11;-6.347487312377917
0.15000000000000002;-7.719852046314385
0.2;-9.46561736463677
0.25;-11.318708359861587
0.3;-13.342696559146631
0.35;-15.602419192624966
0.39999999999999997;-18.174451697596023
0.44999999999999996;-21.157171328406562
0.49999999999999994;-24.68425213354369
0.5499999999999999;-28.94585647935248
0.6;-34.224990243940745
0.65;-40.96456841534273
0.7000000000000001;-49.901243030232095
0.7500000000000001;-62.35960398939896
0.8000000000000002;-80.98750663925225
0.8500000000000002;-111.96190205470226
0.9000000000000002;-173.8120036500563
0.9500000000000003;-359.18123909359554
0.99;-1841.531154101951
0.999;-18517.265297538786
0.9999;undefined
1.0;undefined
1.0000000000000002;undefined
1.0001;undefined
1.001;18539.887547879287
1.01;1864.1535573081144
1.0500000000000003;381.80735235762563
1.1000000000000003;196.44976283244813
1.1500000000000004;134.6192485606367
1.2000000000000004;103.67265680638596
1.2500000000000004;85.08117746689356
1.3000000000000005;72.66841188637717
1.3500000000000005;63.787236703500746
1.4000000000000006;57.11401763609594
1.4500000000000006;51.91334585595859
1.5000000000000007;47.74393140614445
1.5500000000000007;44.324917550603544
1.6000000000000008;41.469037315739364
1.6500000000000008;39.04662037524417
1.7000000000000008;36.96502518164615
1.7500000000000009;35.15629795259901
1.800000000000001;33.56945930635633
1.850000000000001;32.16551307697255
1.900000000000001;30.91411870978941
1.950000000000001;29.791314359539236
1.99;28.972638772277264
1.999;28.797224113434876
1.9999;28.779851388875077
2.0;28.77792296118522
2.000000000000001;28.777922961185208
2.0001;28.77599490809366
2.001;28.758659268802745
2.01;28.58695350419825
2.0500000000000007;27.858413628846243
2.1000000000000005;27.020073515909093
2.1500000000000004;26.25239565651796
2.2;25.546619800635288
2.25;24.895383409984394
2.3;24.292453160765035
2.3499999999999996;23.732516084770733
2.3999999999999995;23.211015442406687
2.4499999999999993;22.724020532910536
2.499999999999999;22.26812252523757
2.549999999999999;21.840350435846766
2.5999999999999988;21.438102847802234
2.6499999999999986;21.05909203342912
2.6999999999999984;20.701297927994432
2.7499999999999982;20.362929985161117
2.799999999999998;20.042395382458803
2.849999999999998;19.738272376142685
2.8999999999999977;19.449287857473532
2.9499999999999975;19.174298356831596
2.9999999999999973;18.91227389277668
3.049999999999997;18.662284180705132
3.099999999999997;18.42348680820216
3.149999999999997;18.195117057228067
3.1999999999999966;17.97647911140177
3.2499999999999964;17.766938433166136
3.2999999999999963;17.565915133011764
3.349999999999996;17.372878183180436
3.399999999999996;17.18734035286599
3.4499999999999957;17.008853761980074
3.4999999999999956;16.837005967002508
3.5499999999999954;16.671416506011333
3.599999999999995;16.51173384116567
3.649999999999995;16.357632646246806
3.699999999999995;16.20881139460451
3.7499999999999947;16.06499020934257
3.7999999999999945;15.92590894303439
3.8499999999999943;15.791325458835585
3.899999999999994;15.661014088735106
3.949999999999994;15.534764247981444
3.999999999999994;15.412379187503129
4.049999999999994;15.293674868522446
4.099999999999993;15.178478945606859
4.149999999999993;15.06662984613857
4.199999999999993;14.957975935680736
4.249999999999993;14.85237476002216
4.299999999999993;14.749692355788486
4.3499999999999925;14.649802622473935
4.399999999999992;14.552586749598134
4.449999999999992;14.457932693405125
4.499999999999992;14.365734698172416
4.549999999999992;14.275892857745045
4.599999999999992;14.188312713394794
4.6499999999999915;14.102904884537987
4.699999999999991;14.01958472921335
4.749999999999991;13.938272031550339
4.799999999999991;13.858890713755844
4.849999999999991;13.78136857039727
4.899999999999991;13.705637022987121
4.94999999999999;13.631630893081548
4.99;13.573626531411117
4.999;13.560719131014135
4.9999;13.559431257268658
4.99999999999999;13.559288192278316
5.0;13.559288192278304
5.0001;13.559145133704757
5.001;13.5578578952232
5.01;13.545014021590076
5.04999999999999;13.488549927657816
5.09999999999999;13.419359921358602
5.14999999999999;13.351664643099403
5.1999999999999895;13.285413054571398
5.249999999999989;13.220556464731919
5.299999999999989;13.157048395114783
5.349999999999989;13.094844454353339
5.399999999999989;13.033902221191859
5.449999999999989;12.97418113531597
5.4999999999999885;12.915642395401099
5.549999999999988;12.858248863825507
5.599999999999988;12.801964977542074
5.649999999999988;12.746756664650366
5.699999999999988;12.692591266246207
5.749999999999988;12.639437463160272
5.799999999999987;12.587265207234205
5.849999999999987;12.536045656807625
5.899999999999987;12.485751116115559
5.949999999999987;12.43635497832424
5.999999999999987;12.387831671951055
6.0499999999999865;12.34015661043417
6.099999999999986;12.293306144639633
6.149999999999986;12.247257518106673
6.199999999999986;12.201988824846596
6.249999999999986;12.157478969528754
6.299999999999986;12.113707629896126
6.349999999999985;12.07065522126402
6.399999999999985;12.028302862970616
6.449999999999985;11.986632346653618
6.499999999999985;11.945626106236364
6.549999999999985;11.905267189519515
6.5999999999999845;11.865539231275326
6.649999999999984;11.826426427754747
6.699999999999984;11.787913512520403
6.749999999999984;11.749985733524264
6.799999999999984;11.712628831357524
6.849999999999984;11.675829018602128
6.8999999999999835;11.639572960218274
6.949999999999983;11.603847754909165
6.999999999999983;11.568640917405771
7.049999999999983;11.533940361617784
7.099999999999983;11.499734384603348
7.149999999999983;11.466011651310504
7.199999999999982;11.43276118004628
7.249999999999982;11.399972328634734
7.299999999999982;11.367634781225341
7.349999999999982;11.335738535715066
7.399999999999982;11.304273891752862
7.4499999999999815;11.2732314392943
7.499999999999981;11.242602047676103
7.549999999999981;11.212376855184889
7.599999999999981;11.182547259093278
7.649999999999981;11.153104906137962
7.699999999999981;11.12404168341935
7.7499999999999805;11.09534970969839
7.79999999999998;11.067021327072545
7.84999999999998;11.039049093010671
7.89999999999998;11.011425772728478
7.94999999999998;10.984144331888622
7.99999999999998;10.95719792960893
8.04999999999998;10.930579911762862
8.09999999999998;10.90428380455914
8.14999999999998;10.878303308386771
8.199999999999982;10.852632291911567
8.249999999999982;10.827264786413798
8.299999999999983;10.802194980354718
8.349999999999984;10.777417214160776
8.399999999999984;10.752925975216156
8.449999999999985;10.728715893053943
8.499999999999986;10.704781734735588
8.549999999999986;10.681118400411593
8.599999999999987;10.657720919054526
8.649999999999988;10.634584444355795
8.699999999999989;10.611704250780193
8.74999999999999;10.589075729770634
8.79999999999999;10.566694386095469
8.84999999999999;10.544555834334123
8.899999999999991;10.522655795492748
8.949999999999992;10.500990093745942
8.999999999999993;10.479554653298623
9.049999999999994;10.458345495361971
9.099999999999994;10.437358735240096
9.149999999999995;10.416590579521829
9.199999999999996;10.396037323372932
9.249999999999996;10.375695347925445
9.299999999999997;10.35556111775967
9.349999999999998;10.33563117847434
9.399999999999999;10.315902154342531
9.45;10.296370746049172
9.5;10.2770337285064
9.55;10.257887948744587
9.600000000000001;10.238930323875485
9.650000000000002;10.220157839124282
9.700000000000003;10.201567545928485
9.750000000000004;10.18315656010086
9.800000000000004;10.164922060053224
9.850000000000005;10.146861285079693
9.900000000000006;10.128971533696756
9.950000000000006;10.111250162037205
9.99;10.097192557261248
9.999;10.094044085604923
9.9999;10.093729529689226
10.0;10.093694582297374
10.000000000000007;10.093694582297372
10.0001;10.093659635558543
10.001;10.093345144291535
10.01;10.090203137510652
10.050000000000008;10.076302261234066
10.100000000000009;10.059070718710446
10.15000000000001;10.041997526288704
10.20000000000001;10.02508030586715
10.25000000000001;10.008316728361121
10.300000000000011;9.991704512425404
10.350000000000012;9.975241423216593
10.400000000000013;9.958925271194282
10.450000000000014;9.942753910959654
10.500000000000014;9.926725240129567
10.550000000000015;9.910837198245593
10.600000000000016;9.895087765716386
10.650000000000016;9.879474962791992
10.700000000000017;9.86399684856931
10.750000000000018;9.84865152002782
10.800000000000018;9.833437111093483
10.85000000000002;9.818351791731068
10.90000000000002;9.803393767063417
10.95000000000002;9.788561276516132
11.000000000000021;9.773852592987902
11.050000000000022;9.759266022044887
11.100000000000023;9.74479990113826
11.150000000000023;9.730452598844556
11.200000000000024;9.716222514128045
11.250000000000025;9.70210807562366
11.300000000000026;9.6881077409409
11.350000000000026;9.674219995987055
11.400000000000027;9.660443354309646
11.450000000000028;9.646776356457467
11.500000000000028;9.633217569359022
11.55000000000003;9.619765585718655
11.60000000000003;9.606419023429236
11.65000000000003;9.593176525000773
11.700000000000031;9.58003675700499
11.750000000000032;9.566998409534957
11.800000000000033;9.554060195679114
11.850000000000033;9.541220851009772
11.900000000000034;9.528479133085408
11.950000000000035;9.515833820965863
12.000000000000036;9.503283714740812
12.050000000000036;9.490827635070715
12.100000000000037;9.478464422739568
12.150000000000038;9.466192938219619
12.200000000000038;9.45401206124763
12.250000000000039;9.441920690411626
12.30000000000004;9.429917742748826
12.35000000000004;9.41800215335387
12.400000000000041;9.406172874996757
12.450000000000042;9.394428877750922
12.500000000000043;9.382769148630697
12.550000000000043;9.371192691237662
12.600000000000044;9.359698525416388
12.650000000000045;9.348285686918297
12.700000000000045;9.336953227074323
12.750000000000046;9.325700212475615
12.800000000000047;9.314525724661978
12.850000000000048;9.303428859818107
12.900000000000048;9.292408728477497
12.950000000000049;9.281464455233138
13.00000000000005;9.270595178455608
13.05000000000005;9.25980005001797
13.100000000000051;9.249078235027074
13.150000000000052;9.238428911561554
13.200000000000053;9.227851270416116
13.250000000000053;9.217344514851598
13.300000000000054;9.206907860351324
13.350000000000055;9.196540534383177
13.400000000000055;9.186241776166941
13.450000000000056;9.176010836447466
13.500000000000057;9.165846977273098
13.550000000000058;9.155749471778893
13.600000000000058;9.145717603975323
13.650000000000059;9.135750668541656
13.70000000000006;9.125847970623918
13.75000000000006;9.116008825637724
13.800000000000061;9.106232559075613
13.850000000000062;9.096518506318438
13.900000000000063;9.086866012451472
13.950000000000063;9.077274432084193
14.000000000000064;9.067743129174511
14.050000000000065;9.05827147685672
14.100000000000065;9.048858857273213
14.150000000000066;9.039504661410101
14.200000000000067;9.030208288936445
14.250000000000068;9.02096914804679
14.300000000000068;9.011786655307437
14.350000000000069;9.00266023550604
14.40000000000007;8.993589321504198
14.45000000000007;8.984573354093524
14.500000000000071;8.975611781854795
14.550000000000072;8.96670406101995
14.600000000000072;8.957849655337201
14.650000000000073;8.949048035939038
14.700000000000074;8.940298681212859
14.750000000000075;8.931601076674546
14.800000000000075;8.922954714844645
14.850000000000076;8.914359095127056
14.900000000000077;8.905813723690317
14.950000000000077;8.89731811335153
15.000000000000078;8.88887178346241
15.050000000000079;8.880474259797834
15.10000000000008;8.872125074446862
15.15000000000008;8.863823765705606
15.200000000000081;8.855569877972721
15.250000000000082;8.847362961646683
15.300000000000082;8.839202573025366
15.350000000000083;8.83108827420764
15.400000000000084;8.823019632996795
15.450000000000085;8.814996222806103
15.500000000000085;8.807017622566228
15.550000000000086;8.799083416634351
15.600000000000087;8.79119319470523
15.650000000000087;8.78334655172415
15.700000000000088;8.775543087801234
15.750000000000089;8.767782408127747
15.80000000000009;8.76006412289405
15.85000000000009;8.752387847208885
15.900000000000091;8.744753201020508
15.950000000000092;8.73715980903933
16.000000000000092;8.729607300661847
16.050000000000093;8.72209530989624
16.100000000000094;8.714623475289386
16.150000000000095;8.707191439855178
16.200000000000095;8.69979885100425
16.250000000000096;8.692445360475148
16.300000000000097;8.68513062426659
16.350000000000097;8.677854302571214
16.400000000000098;8.670616059710529
16.4500000000001;8.663415564070936
16.5000000000001;8.656252488041147
16.5500000000001;8.649126507950754
16.6000000000001;8.64203730400969
16.6500000000001;8.634984560249228
16.700000000000102;8.627967964463666
16.750000000000103;8.620987208153347
16.800000000000104;8.61404198646868
16.850000000000104;8.607131998155054
16.900000000000105;8.600256945498904
16.950000000000106;8.5934165342748
17.000000000000107;8.586610473693211
17.050000000000107;8.579838476349545
17.100000000000108;8.573100258173985
17.15000000000011;8.566395538382112
17.20000000000011;8.559724039426559
17.25000000000011;8.553085486949533
17.30000000000011;8.54647960973603
17.35000000000011;8.539906139668016
17.400000000000112;8.53336481167945
17.450000000000113;8.526855363711922
17.500000000000114;8.520377536671223
17.550000000000114;8.513931074384697
17.600000000000115;8.507515723559136
17.650000000000116;8.501131233739647
17.700000000000117;8.494777357269156
17.750000000000117;8.488453849248463
17.800000000000118;8.482160467497199
17.85000000000012;8.47589697251542
17.90000000000012;8.46966312744563
17.95000000000012;8.46345869803583
18.00000000000012;8.457283452602862
18.05000000000012;8.451137161996526
18.100000000000122;8.445019599564374
18.150000000000123;8.4389305411169
18.200000000000124;8.432869764893484
18.250000000000124;8.426837051528917
18.300000000000125;8.42083218402026
18.350000000000126;8.414854947694572
18.400000000000126;8.408905130176981
18.450000000000127;8.402982521359304
18.500000000000128;8.39708691336916
18.55000000000013;8.391218100539794
18.60000000000013;8.385375879380062
18.65000000000013;8.379560048545207
18.70000000000013;8.373770408808008
18.75000000000013;8.3680067630303
18.800000000000132;8.362268916135061
18.850000000000133;8.356556675079057
18.900000000000134;8.350869848825635
18.950000000000134;8.345208248318261
19.000000000000135;8.339571686454269
19.050000000000136;8.333959978059166
19.100000000000136;8.32837293986123
19.150000000000137;8.322810390466666
19.200000000000138;8.317272150334981
19.25000000000014;8.31175804175489
19.30000000000014;8.306267888820534
19.35000000000014;8.300801517408047
19.40000000000014;8.295358755152625
19.45000000000014;8.289939431425765
19.500000000000142;8.284543377312978
19.550000000000143;8.27917042559192
19.600000000000144;8.273820410710595
19.650000000000144;8.268493168766247
19.700000000000145;8.263188537484304
19.750000000000146;8.257906356197754
19.800000000000146;8.252646465826837
19.850000000000147;8.247408708859082
19.900000000000148;8.242192929329544
19.95000000000015;8.236998972801421
20.0;8.231826686347015
20.00000000000015;8.231826686347
21.0;8.132708763669225
22.0;8.04111671093656
23.0;7.956136050583701
24.0;7.877000337341917
25.0;7.803061803049465
26.0;7.733768796711967
27.0;7.66864824013931
28.0;7.60729183544131
29.0;7.549345113668274
30.0;7.494498659316313
31.0;7.442481018602394
32.0;7.393052923293621
33.0;7.34600255161054
34.0;7.301141613489172
35.0;7.258302096212075
36.0;7.217333542885857
37.0;7.178100763796116
38.0;7.140481901674769
39.0;7.1043667880590196
40.0;7.06965554042942
41.0;7.036257359575604
42.0;7.0040894943102
43.0;6.973076346720437
44.0;6.943148695978241
45.0;6.914243022598437
46.0;6.886300918150185
47.0;6.85926856794895
48.0;6.833096296308807
49.0;6.80773816561322
50.0;6.783151621840808
51.0;6.759297180320393
52.0;6.7361381464319345
53.0;6.713640366754201
54.0;6.691772006815003
55.0;6.670503352148618
56.0;6.6498066298271725
57.0;6.629655848022288
58.0;6.61002665148407
59.0;6.590896191104217
60.0;6.572243005970437
61.0;6.554046916522189
62.0;6.536288927594386
63.0;6.518951140285233
64.0;6.502016671714802
65.0;6.485469581852772
66.0;6.469294806690637
67.0;6.453478097118833
68.0;6.43800596294132
69.0;6.422865621525475
70.0;6.408044950639946
71.0;6.393532445082955
72.0;6.379317176745839
73.0;6.365388757794863
74.0;6.351737306687571
75.0;6.338353416769105
76.0;6.325228127220088
77.0;6.312352896150734
78.0;6.299719575656148
79.0;6.28732038866609
80.0;6.275147907438351
81.0;6.263195033559669
82.0;6.251454979330728
83.0;6.239921250423414
84.0;6.228587629708713
85.0;6.217448162162864
86.0;6.206497140768004
87.0;6.195729093330348
88.0;6.185138770146654
89.0;6.174721132454352
90.0;6.164471341608052
91.0;6.154384748928262
92.0;6.144456886173738
93.0;6.134683456592919
94.0;6.125060326512651
95.0;6.115583517427135
96.0;6.1062491985517715
97.0;6.097053679810151
98.0;6.087993405224669
99.0;6.07906494668352
99.99;6.070352371988444
99.999;6.070273734888027
99.9999;6.070265871736309
100.0;6.070264998059049
100.0001;6.070264124383027
100.001;6.070256261355364
100.01;6.070177636660735
101.0;6.061590369654103
102.0;6.053037982955236
103.0;6.044604865672592
104.0;6.036288147048279
105.0;6.028085053416307
106.0;6.019992903997964
107.0;6.012009106918425
108.0;6.004131155430477
109.0;5.996356624333196
110.0;5.9886831665733595
111.0;5.98110851001909
112.0;5.97363045439497
113.0;5.966246868369765
114.0;5.958955686787268
115.0;5.951754908032372
116.0;5.944642591524535
117.0;5.9376168553313535
118.0;5.930675873895601
119.0;5.923817875869103
120.0;5.91704114204819
121.0;5.910344003404306
122.0;5.903724839205324
123.0;5.8971820752222435
124.0;5.890714182016937
124.99;5.884383259917778
124.999;5.884326031643926
124.9999;5.884320309137046
125.0;5.8843196733065355
125.0001;5.88431903747676
125.001;5.884313315041095
125.01;5.884256093888972
