x;tan
-12.566370614359172;-0.0
-12.566270614359173;1.0000000035309175E-4
-12.565370614359173;0.0010000003333601782
-12.556370614359173;0.010000333346685016
-12.546370614359173;0.020002667093431115
-12.536370614359173;0.030009003241201312
-12.526370614359173;0.04002134699553445
-12.516370614359174;0.05004170837554744
-12.506370614359174;0.06007210383131638
-12.496370614359174;0.07011455787202124
-12.486370614359174;0.08017110470808171
-12.476370614359174;0.09024378990978663
-12.466370614359175;0.10033467208545066
-12.456370614359175;0.11044582458205532
-12.446370614359175;0.1205793372113157
-12.436370614359175;0.1307373180044657
-12.426370614359175;0.1409218949986371
-12.416370614359176;0.15113521805830257
-12.406370614359176;0.1613794607352179
-12.396370614359176;0.1716568221701416
-12.386370614359176;0.1819695290402073
-12.376370614359177;0.19231983755544066
-12.366370614359177;0.2027100355086707
-12.356370614359177;0.21314244438265206
-12.346370614359177;0.22361942151869718
-12.336370614359177;0.2341433623514653
-12.326370614359178;0.24471670271446427
-12.316370614359178;0.2553419212210324
-12.306370614359178;0.2660215417262667
-12.296370614359178;0.2767581358750304
-12.286370614359178;0.28755432574197637
-12.276370614359179;0.29841278656942233
-12.266370614359179;0.3093362496096186
-12.256370614359179;0.3203275050779198
-12.24637061435918;0.33138940522423455
-12.23637061435918;0.3425248675300299
-12.22637061435918;0.3537368780391138
-12.21637061435918;0.3650284948304211
-12.20637061435918;0.3764028516420223
-12.19637061435918;0.387863161655843
-12.18637061435918;0.3994127214532208
-12.17637061435918;0.41105491515220705
-12.166370614359181;0.42279321873815584
-12.156370614359181;0.434631204599882
-12.146370614359181;0.44657254628458637
-12.136370614359182;0.4586210234855484
-12.126370614359182;0.47078052727760916
-12.116370614359182;0.48305506561656514
-12.106370614359182;0.49544876911953833
-12.096370614359182;0.5079658971448736
-12.086370614359183;0.520610844191245
-12.076370614359183;0.5333881466371871
-12.066370614359183;0.5463024898437827
-12.056370614359183;0.5593587156449377
-12.046370614359184;0.5725618302516533
-12.036370614359184;0.5859170125984614
-12.026370614359184;0.599429623162476
-12.016370614359184;0.6131052132881242
-12.006370614359184;0.6269495350526861
-11.996370614359185;0.6409685517111461
-11.986370614359185;0.6551684487614946
-11.976370614359185;0.6695556456752554
-11.966370614359185;0.6841368083416486
-11.956370614359185;0.698918862277342
-11.946370614359186;0.7139090066591958
-11.936370614359186;0.7291147292409312
-11.926370614359186;0.744543822220919
-11.916370614359186;0.760204399133634
-11.906370614359187;0.7761049128436213
-11.896370614359187;0.7922541747282131
-11.886370614359187;0.808661375142523
-11.876370614359187;0.8253361052689822
-11.866370614359187;0.8422883804630387
-11.856370614359188;0.8595286652168944
-11.846370614359188;0.877067899874789
-11.836370614359188;0.8949175292457684
-11.826370614359188;0.9130895332742581
-11.816370614359188;0.9315964599440286
-11.806370614359189;0.9504514606087635
-11.796370614359189;0.969668327961448
-11.786370614359189;0.9892615368765628
-11.77637061435919;1.009246288382711
-11.76637061435919;1.0296385570503175
-11.75637061435919;1.0504551421087773
-11.74637061435919;1.0717137226410298
-11.73637061435919;1.0934329172409523
-11.72637061435919;1.1156323485614954
-11.71637061435919;1.138332713228389
-11.70637061435919;1.1615558576483997
-11.696370614359191;1.1853248603007596
-11.686370614359191;1.2096641211692147
-11.676370614359191;1.2345994590489455
-11.666370614359192;1.2601582175502815
-11.656370614359192;1.286369380720747
-11.646370614359192;1.3132636993201796
-11.636370614359192;1.3408738289127693
-11.626370614359193;1.3692344810874981
-11.616370614359193;1.3983825892876398
-11.606370614359193;1.428357490923543
-11.596370614359193;1.4592011276662837
-11.586370614359193;1.4909582660762346
-11.576370614359194;1.523676741017829
-11.566370614359194;1.5574077246548257
-11.556370614359194;1.5922060242194922
-11.546370614359194;1.6281304122124745
-11.536370614359194;1.6652439932314278
-11.526370614359195;1.7036146122590414
-11.516370614359195;1.743315309983082
-11.506370614359195;1.7844248315939146
-11.496370614359195;1.827028196534739
-11.486370614359195;1.8712173378977734
-11.476370614359196;1.9170918216067536
-11.466370614359196;1.9647596572485357
-11.456370614359196;2.0143382144767044
-11.446370614359196;2.065955261380387
-11.436370614359197;2.1197501441870545
-11.426370614359197;2.175875131264745
-11.416370614359197;2.234496948755178
-11.406370614359197;2.2957985404920533
-11.396370614359197;2.359981091376388
-11.386370614359198;2.427266361400049
-11.376370614359198;2.497899387422477
-11.366370614359198;2.572151622126187
-11.356370614359198;2.6503245949704537
-11.346370614359198;2.7327541993065467
-11.336370614359199;2.819815734267971
-11.326370614359199;2.911929861155025
-11.316370614359199;3.009569673862623
-11.3063706143592;3.1132691342648893
-11.2963706143592;3.2236331902038144
-11.2863706143592;3.3413499811150884
-11.2763706143592;3.467205651721078
-11.2663706143592;3.6021024479676376
-11.2563706143592;3.747080976188056
-11.2463706143592;3.903347787496207
-11.2363706143592;4.072309835464601
-11.226370614359201;4.255617891738971
-11.216370614359201;4.455221759562155
-11.206370614359201;4.673441202987936
-11.196370614359202;4.91305807046178
-11.186370614359202;5.17743738862962
-11.176370614359202;5.47068864295233
-11.166370614359202;5.797883715481888
-11.156370614359203;6.165356144550893
-11.146370614359203;6.58111945619294
-11.136370614359203;7.055463766432698
-11.126370614359203;7.601826062023981
-11.116370614359203;8.238092752963524
-11.106370614359204;8.98860760172166
-11.096370614359204;9.887374891982482
-11.086370614359204;10.983379314322297
-11.076370614359204;12.349856441620965
-11.066370614359204;14.101419947165358
-11.056370614359205;16.42809170387669
-11.046370614359205;19.669527820546378
-11.036370614359205;24.498410441818482
-11.026370614359205;32.4611389128223
-11.016370614359206;48.07848247914287
-11.006370614359206;92.62049631641933
-11.005574287564276;99.99666664444652
-10.996574287564275;999.9996666672006
-10.996370614359206;1255.7655914480183
-10.995674287564276;9999.999966689991
-10.995574287564276;undefined
-10.995474287564276;-9999.999964690844
-10.994574287564276;-999.9996666399339
-10.986370614359206;-108.64920360492383
-10.985574287564276;-99.99666664426638
-10.976370614359206;-52.06696965093685
-10.966370614359207;-34.23253273557559
-10.956370614359207;-25.494744661822953
-10.946370614359207;-20.307282041108103
-10.936370614359207;-16.87110468854819
-10.926370614359207;-14.427024766822358
-10.916370614359208;-12.599264789469391
-10.906370614359208;-11.180550354579376
-10.896370614359208;-10.047182299213203
-10.886370614359208;-9.120770935631537
-10.876370614359208;-8.349230984480412
-10.866370614359209;-7.6966021394604685
-10.856370614359209;-7.137257203854524
-10.84637061435921;-6.652439337316733
-10.83637061435921;-6.228104330285363
-10.82637061435921;-5.853528012691617
-10.81637061435921;-5.520379922510151
-10.80637061435921;-5.2220907312099545
-10.79637061435921;-4.953410200189693
-10.78637061435921;-4.710091916114975
-10.77637061435921;-4.488664319873892
-10.76637061435921;-4.2862616746285065
-10.756370614359211;-4.100497432526369
-10.746370614359211;-3.929368090511126
-10.736370614359211;-3.7711793014107444
-10.726370614359212;-3.6244884533485036
-10.716370614359212;-3.4880595886527357
-10.706370614359212;-3.360827675565012
-10.696370614359212;-3.241870044618833
-10.686370614359213;-3.130383367692533
-10.676370614359213;-3.0256649642527482
-10.666370614359213;-2.927097514678057
-10.656370614359213;-2.834136477558989
-10.646370614359213;-2.746299668945241
-10.636370614359214;-2.6631585822299315
-10.626370614359214;-2.5843311186506894
-10.616370614359214;-2.5094754680110207
-10.606370614359214;-2.4382849327497693
-10.596370614359214;-2.3704835299440172
-10.586370614359215;-2.305822238167677
-10.576370614359215;-2.2440757815269508
-10.566370614359215;-2.185039863261751
-10.556370614359215;-2.1285287772621295
-10.546370614359216;-2.0743733386086682
-10.536370614359216;-2.022419084504758
-10.526370614359216;-1.9725247052619188
-10.516370614359216;-1.9245606717324657
-10.506370614359216;-1.8784080310800322
-10.496370614359217;-1.833957347282747
-10.486370614359217;-1.791107766472875
-10.476370614359217;-1.7497661902819017
-10.466370614359217;-1.7098465429046645
-10.456370614359217;-1.6712691197159018
-10.446370614359218;-1.633960007044276
-10.436370614359218;-1.597850564196858
-10.426370614359218;-1.562876960077964
-10.416370614359218;-1.528979757804718
-10.406370614359219;-1.4961035416165012
-10.396370614359219;-1.4641965811374222
-10.386370614359219;-1.4332105287003845
-10.37637061435922;-1.4031001459936947
-10.36637061435922;-1.3738230567689682
-10.35637061435922;-1.3453395227560674
-10.34637061435922;-1.317612240281962
-10.33637061435922;-1.2906061553958068
-10.32637061435922;-1.264288295563474
-10.31637061435922;-1.2386276162242504
-10.30637061435922;-1.213594860699789
-10.29637061435922;-1.1891624321185177
-10.286370614359221;-1.165304276169265
-10.276370614359221;-1.1419957736302209
-10.266370614359221;-1.1192136417342586
-10.256370614359222;-1.0969358435341232
-10.246370614359222;-1.0751415045195247
-10.236370614359222;-1.0538108358174996
-10.226370614359222;-1.032925063376701
-10.216370614359223;-1.0124663625979364
-10.206370614359223;-0.9924177979275609
-10.196370614359223;-0.972763266978965
-10.186370614359223;-0.9534874487903132
-10.176370614359223;-0.9345757558647405
-10.166370614359224;-0.9160142896735266
-10.156370614359224;-0.8977897993333412
-10.146370614359224;-0.8798896431954973
-10.136370614359224;-0.8623017531098763
-10.126370614359224;-0.8450146011478974
-10.116370614359225;-0.8280171685884548
-10.106370614359225;-0.8112989169884459
-10.096370614359225;-0.7948497611754936
-10.086370614359225;-0.7786600440144372
-10.076370614359226;-0.7627205128124178
-10.066370614359226;-0.7470222972387522
-10.056370614359226;-0.7315568886465177
-10.046370614359226;-0.7163161206921274
-10.036370614359226;-0.7012921511579105
-10.026370614359227;-0.6864774448905916
-10.016370614359227;-0.6718647577754717
-10.006370614359227;-0.6574471216728703
-9.996370614359227;-0.6432178302489375
-9.986370614359227;-0.6291704256386292
-9.976370614359228;-0.6152986858833058
-9.966370614359228;-0.601596613089837
-9.956370614359228;-0.5880584222624803
-9.946370614359228;-0.5746785307620411
-9.936370614359229;-0.5614515483506917
-9.926370614359229;-0.5483722677835665
-9.916370614359229;-0.5354356559114543
-9.90637061435923;-0.5226368452611266
-9.89637061435923;-0.5099711260626774
-9.88637061435923;-0.497433938695066
-9.87637061435923;-0.48502086652339277
-9.86637061435923;-0.47272762910311006
-9.85637061435923;-0.46055007572813367
-9.84637061435923;-0.44848417930150253
-9.83637061435923;-0.43652603050852457
-9.82637061435923;-0.42467183227383426
-9.816370614359231;-0.4129178944850006
-9.806370614359231;-0.40126062896636844
-9.796370614359232;-0.3896965446880376
-9.786370614359232;-0.37822224319579906
-9.776370614359232;-0.3668344142485826
-9.766370614359232;-0.3555298316512383
-9.756370614359232;-0.3443053492707025
-9.746370614359233;-0.33315789722482747
-9.736370614359233;-0.32208447823343206
-9.726370614359233;-0.31108216412199363
-9.716370614359233;-0.3001480924688859
-9.706370614359233;-0.2892794633875736
-9.696370614359234;-0.27847353643572925
-9.686370614359234;-0.2677276276436679
-9.676370614359234;-0.2570391066548964
-9.666370614359234;-0.2464053939720294
-9.656370614359234;-0.23582395830162195
-9.646370614359235;-0.22529231399185207
-9.636370614359235;-0.21480801855736092
-9.626370614359235;-0.204368670285574
-9.616370614359235;-0.19397190591959754
-9.606370614359236;-0.18361539841251776
-9.596370614359236;-0.1732968547484882
-9.586370614359236;-0.16301401382608
-9.576370614359236;-0.15276464439961274
-9.566370614359236;-0.14254654307433412
-9.556370614359237;-0.13235753235151504
-9.546370614359237;-0.12219545871966175
-9.536370614359237;-0.11205819078821301
-9.526370614359237;-0.10194361746017239
-9.516370614359237;-0.09184964614031874
-9.506370614359238;-0.08177420097567792
-9.496370614359238;-0.07171522112506244
-9.486370614359238;-0.061670659054584374
-9.476370614359238;-0.051638478856112904
-9.466370614359239;-0.04161665458569843
-9.456370614359239;-0.03160316861908616
-9.446370614359239;-0.021596010021447155
-9.43637061435924;-0.011593172928534304
-9.43477796076938;-0.010000333346664187
-9.42637061435924;-0.0015926549364711788
-9.425777960769379;-0.001000000333330702
-9.42487796076938;-1.00000000330656E-4
-9.42477796076938;2.6512111039239595E-15
-9.42467796076938;1.000000003355287E-4
-9.42377796076938;0.0010000003333356892
-9.41637061435924;0.008407544502558798
-9.41477796076938;0.010000333346668902
-9.40637061435924;0.018409425681477593
-9.39637061435924;0.028414990239029207
-9.38637061435924;0.038426242762801634
-9.37637061435924;0.0484451923972529
-9.36637061435924;0.05847385445951146
-9.356370614359241;0.0685142520656996
-9.346370614359241;0.07856841777058599
-9.336370614359241;0.08863839522340282
-9.326370614359242;0.09872624084271202
-9.316370614359242;0.10883402551326037
-9.306370614359242;0.11896383630782993
-9.296370614359242;0.12911777823716325
-9.286370614359242;0.13929797603113267
-9.276370614359243;0.14950657595440353
-9.266370614359243;0.15974574765996086
-9.256370614359243;0.17001768608397974
-9.246370614359243;0.18032461338563172
-9.236370614359243;0.19066878093558454
-9.226370614359244;0.2010524713570831
-9.216370614359244;0.21147800062367256
-9.206370614359244;0.22194772021780262
-9.196370614359244;0.2324640193547286
-9.186370614359245;0.2430293272764038
-9.176370614359245;0.25364611562016204
-9.166370614359245;0.26431690086735254
-9.156370614359245;0.2750442468772967
-9.146370614359245;0.2858307675122282
-9.136370614359246;0.2966791293591967
-9.126370614359246;0.3075920545552268
-9.116370614359246;0.3185723237224069
-9.106370614359246;0.3296227790200155
-9.096370614359246;0.34074632732095583
-9.086370614359247;0.35194594352068687
-9.076370614359247;0.3632246739868396
-9.066370614359247;0.374585640158504
-9.056370614359247;0.38603204230466975
-9.046370614359247;0.3975671634518787
-9.036370614359248;0.4091943734918264
-9.026370614359248;0.4209171334803625
-9.016370614359248;0.43273900014005334
-9.006370614359248;0.4446636305793407
-8.996370614359249;0.456694787242187
-8.986370614359249;0.4688363431030623
-8.976370614359249;0.48109228712315255
-8.96637061435925;0.49346672998480606
-8.95637061435925;0.5059639101224399
-8.94637061435925;0.518588200069415
-8.93637061435925;0.5313441131418698
-8.92637061435925;0.544236310481972
-8.91637061435925;0.55726960848479
-8.90637061435925;0.570448986634748
-8.89637061435925;0.5837795957796547
-8.886370614359251;0.5972667668723941
-8.876370614359251;0.6109160202127694
-8.866370614359251;0.6247330752244544
-8.856370614359252;0.6387238608048812
-8.846370614359252;0.6528945262888424
-8.836370614359252;0.6672514530699346
-8.826370614359252;0.6818012669275868
-8.816370614359252;0.6965508511113422
-8.806370614359253;0.7115073602384305
-8.796370614359253;0.7266782350653697
-8.786370614359253;0.7420712181995686
-8.776370614359253;0.7576943708225865
-8.766370614359253;0.7735560905029971
-8.756370614359254;0.7896651301836805
-8.746370614359254;0.8060306184359851
-8.736370614359254;0.8226620810815478
-8.726370614359254;0.8395694642918139
-8.716370614359255;0.8567631592854636
-8.706370614359255;0.8742540287552759
-8.696370614359255;0.8920534351683893
-8.686370614359255;0.9101732710977585
-8.676370614359255;0.9286259917579927
-8.666370614359256;0.9474246499357332
-8.656370614359256;0.9665829335237232
-8.646370614359256;0.9861152058888101
-8.636370614359256;1.0060365493277128
-8.626370614359256;1.0263628118906432
-8.616370614359257;1.0471106578819647
-8.606370614359257;1.0682976223806862
-8.596370614359257;1.0899421701595617
-8.586370614359257;1.1120637594238079
-8.576370614359258;1.134682910836332
-8.566370614359258;1.1578212823493694
-8.556370614359258;1.181501750421276
-8.546370614359258;1.2057484982642623
-8.536370614359258;1.2305871118444658
-8.526370614359259;1.2560446844416218
-8.516370614359259;1.282149930673088
-8.506370614359259;1.3089333109979027
-8.49637061435926;1.336427167843029
-8.48637061435926;1.3646658746384799
-8.47637061435926;1.3936859992132928
-8.46637061435926;1.4235264831940928
-8.45637061435926;1.454228839265983
-8.44637061435926;1.4858373684066035
-8.43637061435926;1.5183993994942233
-8.42637061435926;1.5519655540261912
-8.416370614359261;1.5865900390734151
-8.406370614359261;1.6223309720491266
-8.396370614359261;1.659250741397962
-8.386370614359262;1.6974164079284901
-8.376370614359262;1.7369001522354544
-8.366370614359262;1.7777797745084623
-8.356370614359262;1.8201392540264996
-8.346370614359262;1.864069376823542
-8.336370614359263;1.9096684414178244
-8.326370614359263;1.957043054172605
-8.316370614359263;2.0063090278575992
-8.306370614359263;2.0575923993799856
-8.296370614359263;2.111030585541422
-8.286370614359264;2.1667736991664657
-8.276370614359264;2.2249860521799243
-8.266370614359264;2.285847877366407
-8.256370614359264;2.349557306854452
-8.246370614359265;2.4163326531235416
-8.236370614359265;2.4864150479138587
-8.226370614359265;2.5600715063159054
-8.216370614359265;2.6375984981688263
-8.206370614359265;2.7193261275416503
-8.196370614359266;2.80562304461734
-8.186370614359266;2.8969022442215273
-8.176370614359266;2.99362794351224
-8.166370614359266;3.0963237806487465
-8.156370614359266;3.2055826402328873
-8.146370614359267;3.322078494984054
-8.136370614359267;3.446580763441895
-8.126370614359267;3.5799718302794488
-8.116370614359267;3.7232685729465214
-8.106370614359268;3.877649005797288
-8.096370614359268;4.044485519591541
-8.086370614359268;4.225386703021651
-8.076370614359268;4.422250447576729
-8.066370614359268;4.637332054549324
-8.056370614359269;4.8733325329601005
-8.046370614359269;5.133514434782404
-8.036370614359269;5.421855796153801
-8.02637061435927;5.743257657829661
-8.01637061435927;6.103828260947508
-8.00637061435927;6.5112791389674145
-7.99637061435927;6.975488115188493
-7.98637061435927;7.509317456315565
-7.97637061435927;8.129833117792495
-7.9663706143592705;8.860174895640746
-7.956370614359271;9.732522488309437
-7.946370614359271;10.792987802419846
-7.936370614359271;12.110070093512906
-7.926370614359271;13.790119196156326
-7.916370614359272;16.007669870701758
-7.906370614359272;19.07051744087049
-7.896370614359272;23.576905537320588
-7.886370614359272;30.86390129140397
-7.876370614359272;44.65736663386291
-7.866370614359273;80.71276296684175
-7.863981633974483;99.99666664447422
-7.856370614359273;418.58782263675835
-7.854981633974483;999.9996666679797
-7.854081633974483;9999.999966934376
-7.853981633974483;undefined
-7.853881633974483;-9999.99996644711
-7.8529816339744825;-999.9996666633649
-7.846370614359273;-131.3859037651451
-7.843981633974483;-99.99666664442705
-7.836370614359273;-56.77675892928165
-7.8263706143592735;-36.208219696864454
-7.816370614359274;-26.575414231070447
-7.806370614359274;-20.987668207928508
-7.796370614359274;-17.3385824205429
-7.786370614359274;-14.767944502632254
-7.776370614359275;-12.85888749766369
-7.766370614359275;-11.384870654256053
-7.756370614359275;-10.212187254637907
-7.746370614359275;-9.256830540555773
-7.736370614359275;-8.463364757856175
-7.726370614359276;-7.7937305886097255
-7.716370614359276;-7.220931544606451
-7.706370614359276;-6.725286675951708
-7.696370614359276;-6.29210981369034
-7.6863706143592765;-5.910219577861711
-7.676370614359277;-5.570952729971204
-7.666370614359277;-5.267493065829747
-7.656370614359277;-4.994404074498938
-7.646370614359277;-4.747296659728187
-7.6363706143592776;-4.522588477671753
-7.626370614359278;-4.317326715010864
-7.616370614359278;-4.129055617992551
-7.606370614359278;-3.9557161212351066
-7.596370614359278;-3.7955688539105594
-7.586370614359279;-3.6471344083973474
-7.576370614359279;-3.509146518647678
-7.566370614359279;-3.3805150062479044
-7.556370614359279;-3.26029619674834
-7.5463706143592795;-3.147669106327294
-7.53637061435928;-3.0419161270334545
-7.52637061435928;-2.942407249406061
-7.51637061435928;-2.848587089033167
-7.50637061435928;-2.759964152408139
-7.4963706143592805;-2.6761019037556433
-7.486370614359281;-2.596611289888993
-7.476370614359281;-2.521144452814783
-7.466370614359281;-2.449389415585397
-7.456370614359281;-2.381065570057556
-7.446370614359282;-2.3159198288436382
-7.436370614359282;-2.253723330123585
-7.426370614359282;-2.1942686048139257
-7.416370614359282;-2.137367132135462
-7.4063706143592825;-2.08284722283947
-7.396370614359283;-2.030552179970921
-7.386370614359283;-1.9803386956221884
-7.376370614359283;-1.9320754490896392
-7.366370614359283;-1.8856418775202777
-7.3563706143592835;-1.840927094783724
-7.346370614359284;-1.7978289381290469
-7.336370614359284;-1.7562531253451308
-7.326370614359284;-1.7161125077635861
-7.316370614359284;-1.6773264066248192
-7.306370614359285;-1.63982002215101
-7.296370614359285;-1.6035239061985842
-7.286370614359285;-1.568373490649213
-7.276370614359285;-1.5343086647842388
-7.266370614359285;-1.501273395807295
-7.256370614359286;-1.4692153874608365
-7.246370614359286;-1.4380857723478635
-7.236370614359286;-1.4078388341385346
-7.226370614359286;-1.3784317563283854
-7.2163706143592865;-1.3498243946330157
-7.206370614359287;-1.3219790704642866
-7.196370614359287;-1.2948603832438033
-7.186370614359287;-1.268435039578458
-7.176370614359287;-1.2426716975559415
-7.166370614359288;-1.2175408246208417
-7.156370614359288;-1.1930145676684558
-7.146370614359288;-1.1690666341475526
-7.136370614359288;-1.1456721830980106
-7.126370614359288;-1.1228077251674131
-7.116370614359289;-1.1004510307543052
-7.106370614359289;-1.0785810455170246
-7.096370614359289;-1.0571778125674065
-7.086370614359289;-1.0362224007395515
-7.0763706143592895;-1.015696838386613
-7.06637061435929;-0.9955840522141178
-7.05637061435929;-0.9758678107075911
-7.04637061435929;-0.9565326717560941
-7.03637061435929;-0.937563934112226
-7.026370614359291;-0.9189475923639684
-7.016370614359291;-0.9006702951244835
-7.006370614359291;-0.8827193061741577
-6.996370614359291;-0.8650824683135128
-6.986370614359291;-0.8477481697081145
-6.976370614359292;-0.8307053125264777
-6.966370614359292;-0.8139432836898949
-6.956370614359292;-0.7974519275692572
-6.946370614359292;-0.78122152047844
-6.9363706143592925;-0.7652427468269885
-6.926370614359293;-0.7495066768065782
-6.916370614359293;-0.7340047454965165
-6.906370614359293;-0.7187287332831696
-6.896370614359293;-0.7036707474969947
-6.8863706143592935;-0.6888232051788042
-6.876370614359294;-0.6741788168941072
-6.866370614359294;-0.6597305715209495
-6.856370614359294;-0.6454717219426171
-6.846370614359294;-0.6313957715820406
-6.836370614359295;-0.6174964617196569
-6.826370614359295;-0.6037677595410307
-6.816370614359295;-0.5902038468646543
-6.806370614359295;-0.5767991095041227
-6.7963706143592955;-0.5635481272223234
-6.786370614359296;-0.5504456642384538
-6.776370614359296;-0.53748666025156
-6.766370614359296;-0.5246662219469569
-6.756370614359296;-0.511979614954319
-6.7463706143592965;-0.4994222562284696
-6.736370614359297;-0.4869897068259631
-6.726370614359297;-0.474677665052428
-6.716370614359297;-0.4624819599574003
-6.706370614359297;-0.45039854515496963
-6.696370614359298;-0.43842349295003735
-6.686370614359298;-0.42655298875135994
-6.676370614359298;-0.41478332575379867
-6.666370614359298;-0.4031108998733718
-6.656370614359298;-0.39153220491975455
-6.646370614359299;-0.38004382799190634
-6.636370614359299;-0.3686424450833781
-6.626370614359299;-0.35732481688473655
-6.616370614359299;-0.34608778477130814
-6.6063706143592995;-0.33492826696518874
-6.5963706143593;-0.32384325486113225
-6.5863706143593;-0.3128298095065579
-6.5763706143593;-0.30188505822650463
-6.5663706143593;-0.29100619138488754
-6.556370614359301;-0.2801904592739259
-6.546370614359301;-0.26943516912404997
-6.536370614359301;-0.2587376822270799
-6.526370614359301;-0.24809541116578412
-6.516370614359301;-0.237505817143379
-6.506370614359302;-0.22696640740682644
-6.496370614359302;-0.21647473275812212
-6.486370614359302;-0.2060283851480587
-6.476370614359302;-0.195624995347227
-6.4663706143593025;-0.18526223068926978
-6.456370614359303;-0.17493779288163752
-6.446370614359303;-0.1646494158793194
-6.436370614359303;-0.15439486381721595
-6.426370614359303;-0.14417192899701273
-6.416370614359304;-0.13397842992458306
-6.406370614359304;-0.1238122093941052
-6.396370614359304;-0.11367113261522496
-6.386370614359304;-0.10355308537972635
-6.376370614359304;-0.09345597226429424
-6.366370614359305;-0.0833777148660617
-6.356370614359305;-0.0733162500677341
-6.346370614359305;-0.0632695283291705
-6.336370614359305;-0.053235512002382517
-6.3263706143593055;-0.04321217366697849
-6.316370614359306;-0.033197494483144595
-6.306370614359306;-0.023189462559302845
-6.296370614359306;-0.013186071331631308
-6.293185307179586;-0.010000333346666999
-6.286370614359306;-0.0031853179526657636
-6.284185307179587;-0.001000000333333801
-6.283285307179586;-1.0000000033310032E-4
-6.283185307179586;-0.0
-6.2830853071795865;1.0000000035309175E-4
-6.282185307179586;0.0010000003333467938
-6.2763706143593065;0.00681479831379521
-6.2731853071795864;0.010000333346685016
-6.266370614359307;0.016816277694075295
-6.256370614359307;0.026821121505360992
-6.246370614359307;0.03683133375810799
-6.236370614359307;0.04684892276305945
-6.226370614359308;0.05687590274570971
-6.216370614359308;0.06691429547064053
-6.206370614359308;0.07696613187899337
-6.196370614359308;0.08703345374139357
-6.1863706143593085;0.09711831532974986
-6.176370614359309;0.10722278511019862
-6.166370614359309;0.11734894746096072
-6.156370614359309;0.1274989044174609
-6.146370614359309;0.1376747774483987
-6.1363706143593095;0.1478787092656043
-6.12637061435931;0.15811286567135763
-6.11637061435931;0.16837943744644795
-6.10637061435931;0.17868064228252656
-6.09637061435931;0.18901872676266115
-6.086370614359311;0.1993959683936943
-6.076370614359311;0.209814677694737
-6.066370614359311;0.2202772003457536
-6.056370614359311;0.23078591940077514
-6.0463706143593114;0.24134325757029199
-6.036370614359312;0.25195167957770925
-6.026370614359312;0.26261369459491596
-6.016370614359312;0.2733318587622326
-6.006370614359312;0.2841087777985221
-5.9963706143593125;0.29494710970720256
-5.986370614359313;0.3058495675845353
-5.976370614359313;0.316818922536737
-5.966370614359313;0.3278580067129842
-5.956370614359313;0.3389697164615226
-5.946370614359314;0.3501570156169962
-5.936370614359314;0.36142293892697924
-5.926370614359314;0.3727705956268958
-5.916370614359314;0.3842031731723973
-5.906370614359314;0.39572394113942044
-5.896370614359315;0.40733625530231155
-5.886370614359315;0.419043561901602
-5.876370614359315;0.43084940211327166
-5.866370614359315;0.44275741673254826
-5.8563706143593155;0.45477135108580236
-5.846370614359316;0.4668950601854878
-5.836370614359316;0.4791325141436167
-5.826370614359316;0.4914878038607033
-5.816370614359316;0.5039651470081764
-5.806370614359317;0.516568894323558
-5.796370614359317;0.5293035362392134
-5.786370614359317;0.5421737098667501
-5.776370614359317;0.5551842063610789
-5.766370614359317;0.5683399786898637
-5.756370614359318;0.5816461498358844
-5.746370614359318;0.5951080214621367
-5.736370614359318;0.6087310830717091
-5.726370614359318;0.6225210216971236
-5.7163706143593185;0.6364837321562512
-5.706370614359319;0.6506253279153982
-5.696370614359319;0.6649521526027187
-5.686370614359319;0.6794707922197762
-5.676370614359319;0.6941880881012927
-5.6663706143593195;0.7091111506794486
-5.65637061435932;0.7242473741119168
-5.64637061435932;0.7396044518391874
-5.63637061435932;0.7551903931415687
-5.62637061435932;0.7710135407730735
-5.616370614359321;0.7870825897557007
-5.606370614359321;0.8034066074252427
-5.596370614359321;0.8199950548282291
-5.586370614359321;0.8368578095782813
-5.5763706143593215;0.8540051902906108
-5.566370614359322;0.871447982724036
-5.556370614359322;0.8891974677728302
-5.546370614359322;0.907265451463354
-5.536370614359322;0.925664297126662
-5.5263706143593225;0.9444069599339435
-5.516370614359323;0.9635070240011059
-5.506370614359323;0.982978742289111
-5.496370614359323;1.002837079549863
-5.486370614359323;1.0230977585935537
-5.476370614359324;1.0437773101817178
-5.466370614359324;1.0648931268830475
-5.456370614359324;1.086463521265034
-5.446370614359324;1.1085077888349268
-5.4363706143593244;1.1310462761897373
-5.426370614359325;1.1541004548859615
-5.416370614359325;1.1776930015980238
-5.406370614359325;1.2018478852000367
-5.396370614359325;1.2265904614794263
-5.3863706143593255;1.2519475762755392
-5.376370614359326;1.2779476779313124
-5.366370614359326;1.3046209400552158
-5.356370614359326;1.3319993957143919
-5.346370614359326;1.360117084321091
-5.336370614359327;1.3890102126368222
-5.326370614359327;1.4187173315037596
-5.316370614359327;1.4492795301263466
-5.306370614359327;1.4807406499716298
-5.296370614359327;1.5131475206400007
-5.286370614359328;1.5465502203859773
-5.276370614359328;1.5810023643485625
-5.266370614359328;1.6165614239929282
-5.256370614359328;1.653289081779492
-5.2463706143593285;1.6912516256788295
-5.236370614359329;1.7305203888555445
-5.226370614359329;1.7711722406729007
-5.216370614359329;1.8132901361463944
-5.206370614359329;1.8569637321291377
-5.19637061435933;1.9022900798807412
-5.18637061435933;1.9493744053004949
-5.17637061435933;1.9983309900507695
-5.16637061435933;2.049284169127261
-5.15637061435933;2.102369463235518
-5.146370614359331;2.1577348677177803
-5.136370614359331;2.215542323877175
-5.126370614359331;2.27596940354053
-5.116370614359331;2.3392112438092036
-5.1063706143593315;2.4054827764496247
-5.096370614359332;2.475021305636599
-5.086370614359332;2.5480894992525296
-5.076370614359332;2.6249788732763006
-5.066370614359332;2.706013866771422
-5.0563706143593325;2.7915566276590256
-5.046370614359333;2.8820126582515155
-5.036370614359333;2.9778375063083904
-5.026370614359333;3.0795447347055194
-5.016370614359333;3.1877154641543037
-5.006370614359334;3.3030098635288114
-4.996370614359334;3.4261810678773346
-4.986370614359334;3.5580921443705766
-4.976370614359334;3.699736914408319
-4.9663706143593345;3.8522656946821323
-4.956370614359335;4.017017368476426
-4.946370614359335;4.195559681017803
-4.936370614359335;4.389740329098238
-4.926370614359335;4.601752376113035
-4.9163706143593355;4.834218908539317
-4.906370614359336;5.0903038773004035
-4.896370614359336;5.373859086652234
-4.886370614359336;5.689621874233277
-4.876370614359336;6.043485121173815
-4.866370614359337;6.442872473485608
-4.856370614359337;6.897269925628656
-4.846370614359337;7.418995459185877
-4.836370614359337;8.024341142501614
-4.8263706143593375;8.735316432235463
-4.816370614359338;9.582397403440936
-4.806370614359338;10.60903115026741
-4.796370614359338;11.879358319339229
-4.786370614359338;13.49219871109188
-4.7763706143593385;15.608152146012793
-4.766370614359339;18.506821649403843
-4.756370614359339;22.72210083644536
-4.746370614359339;29.416332774375263
-4.736370614359339;41.69058236190996
-4.72637061435934;71.51773812232646
-4.7223889803846895;99.99666664444652
-4.71637061435934;251.15184416533054
-4.71338898038469;999.9996666663113
-4.712488980384689;9999.999966689991
-4.71238898038469;undefined
-4.71228898038469;-9999.999964690844
-4.711388980384689;-999.9996666533217
-4.70637061435934;-166.15605002720395
-4.70238898038469;-99.99666664426638
-4.69637061435934;-62.423000423596655
-4.68637061435934;-38.425715782865495
-4.676370614359341;-27.75160652744766
-4.666370614359341;-21.715112681324914
-4.656370614359341;-17.83261156778848
-4.646370614359341;-15.125287546394157
-4.6363706143593415;-13.129366568714682
-4.626370614359342;-11.59673732705325
-4.616370614359342;-10.382648395171971
-4.606370614359342;-9.396962013093571
-4.596370614359342;-8.580617440092135
-4.586370614359343;-7.893300601377689
-4.576370614359343;-7.306552861993256
-4.566370614359343;-6.799711455228245
-4.556370614359343;-6.357411100900548
-4.546370614359343;-5.967988553276173
-4.536370614359344;-5.622430996336991
-4.526370614359344;-5.313663632886603
-4.516370614359344;-5.036055338177945
-4.506370614359344;-4.785068285080877
-4.4963706143593445;-4.557004887304957
-4.486370614359345;-4.3488219203748475
-4.476370614359345;-4.1579918962978795
-4.466370614359345;-3.982398246758663
-4.456370614359345;-3.820255070981667
-4.4463706143593456;-3.6700449843245764
-4.436370614359346;-3.5304704771404256
-4.426370614359346;-3.4004154774147537
-4.416370614359346;-3.2789147042668194
-4.406370614359346;-3.165129030205365
-4.396370614359347;-3.0583255211563127
-4.386370614359347;-2.9578611498940526
-4.376370614359347;-2.863169417622508
-4.366370614359347;-2.7737492953848912
-4.3563706143593475;-2.689156029179371
-4.346370614359348;-2.608993452350885
-4.336370614359348;-2.5329075246638073
-4.326370614359348;-2.4605808756106766
-4.316370614359348;-2.3917281744482377
-4.3063706143593485;-2.3260921844287283
-4.296370614359349;-2.2634403861012147
-4.286370614359349;-2.2035620761791836
-4.276370614359349;-2.146265865623901
-4.266370614359349;-2.091377514289452
-4.25637061435935;-2.038738050466279
-4.24637061435935;-1.9882021325284247
-4.23637061435935;-1.9396366170829704
-4.22637061435935;-1.892919303878935
-4.2163706143593505;-1.8479378325308986
-4.206370614359351;-1.8045887100558229
-4.196370614359351;-1.762776451477682
-4.186370614359351;-1.7224128184533376
-4.176370614359351;-1.683416143118552
-4.1663706143593515;-1.6457107262285608
-4.156370614359352;-1.6092263002405838
-4.146370614359352;-1.5738975493054155
-4.136370614359352;-1.5396636792534992
-4.126370614359352;-1.506468031602469
-4.116370614359353;-1.4742577364162597
-4.106370614359353;-1.4429833995286439
-4.096370614359353;-1.4125988202248103
-4.086370614359353;-1.3830607359760378
-4.076370614359353;-1.3543285912498195
-4.066370614359354;-1.3263643277861394
-4.056370614359354;-1.2991321940496463
-4.046370614359354;-1.272598571841845
-4.036370614359354;-1.24673181829664
-4.0263706143593545;-1.2215021216888846
-4.016370614359355;-1.1968813696670961
-4.006370614359355;-1.17284302867804
-3.996370614359355;-1.1493620334889287
-3.9863706143593554;-1.1264146858336306
-3.9763706143593556;-1.1039785613147117
-3.966370614359356;-1.082032423786841
-3.956370614359356;-1.0605561465282602
-3.946370614359356;-1.0395306395802386
-3.9363706143593564;-1.0189377826977037
-3.9263706143593566;-0.9987603634111634
-3.916370614359357;-0.9789820197504824
-3.906370614359357;-0.9595871872249977
-3.8963706143593573;-0.9405610496952791
-3.8863706143593575;-0.921889493805951
-3.8763706143593577;-0.9035590666815748
-3.866370614359358;-0.8855569366151603
-3.856370614359358;-0.8678708565045858
-3.8463706143593583;-0.8504891298144277
-3.8363706143593586;-0.8334005788612369
-3.8263706143593588;-0.8165945152384404
-3.816370614359359;-0.8000607122134893
-3.806370614359359;-0.7837893789446543
-3.7963706143593594;-0.767771136378143
-3.7863706143593596;-0.7519969946981918
-3.77637061435936;-0.736458332213869
-3.76637061435936;-0.7211468755758956
-3.7563706143593603;-0.7060546812258837
-3.7463706143593605;-0.6911741179883236
-3.7363706143593607;-0.6764978507232045
-3.726370614359361;-0.6620188249635296
-3.716370614359361;-0.6477302524682843
-3.7063706143593613;-0.6336255976267783
-3.6963706143593615;-0.6196985646554658
-3.6863706143593618;-0.6059430855327635
-3.676370614359362;-0.5923533086216625
-3.666370614359362;-0.5789235879338067
-3.6563706143593624;-0.565648472992084
-3.6463706143593626;-0.5525226992521228
-3.636370614359363;-0.5395411790458563
-3.626370614359363;-0.5266989930132067
-3.6163706143593632;-0.513991381990234
-3.6063706143593635;-0.5014137393244411
-3.5963706143593637;-0.4889616035900597
-3.586370614359364;-0.4766306516779429
-3.576370614359364;-0.4644166922365388
-3.5663706143593643;-0.45231565944204294
-3.5563706143593645;-0.44032360707726775
-3.5463706143593647;-0.4284367029002342
-3.536370614359365;-0.4166512232846606
-3.526370614359365;-0.40496354811581003
-3.5163706143593654;-0.39337015592614966
-3.5063706143593656;-0.38186761925640306
-3.496370614359366;-0.3704526002282701
-3.486370614359366;-0.35912184631628885
-3.4763706143593662;-0.3478721863068368
-3.4663706143593664;-0.3367005264330837
-3.4563706143593667;-0.32560384667544984
-3.446370614359367;-0.31457919721770433
-3.436370614359367;-0.3036236950494154
-3.4263706143593673;-0.29273452070606554
-3.4163706143593675;-0.2819089151385818
-3.4063706143593677;-0.27114417670456803
-3.396370614359368;-0.2604376582738865
-3.386370614359368;-0.2497867644417344
-3.3763706143593684;-0.23918894884264422
-3.3663706143593686;-0.22864171155921414
-3.356370614359369;-0.2181425966198323
-3.346370614359369;-0.20768918957956303
-3.336370614359369;-0.19727911517924446
-3.3263706143593694;-0.18691003507755674
-3.3163706143593696;-0.1765796456513217
-3.30637061435937;-0.1662856758595069
-3.29637061435937;-0.15602588516653945
-3.2863706143593703;-0.14579806152076955
-3.2763706143593705;-0.13560001938408278
-3.2663706143593707;-0.1254295978088285
-3.256370614359371;-0.11528465855836906
-3.246370614359371;-0.10516308426768338
-3.2363706143593713;-0.09506277664061226
-3.2263706143593716;-0.08498165468040025
-3.2163706143593718;-0.0749176529503146
-3.206370614359372;-0.06486871986122682
-3.196370614359372;-0.05483281598307606
-3.1863706143593724;-0.04480791237725573
-3.1763706143593726;-0.03479198894699462
-3.166370614359373;-0.024783032802865798
-3.156370614359373;-0.0147790366406057
-3.151592653589793;-0.010000333346664187
-3.1463706143593733;-0.004777997128453939
-3.142592653589793;-0.0010000003333306392
-3.1416926535897933;-1.0000000033121008E-4
-3.141592653589793;2.6512111039239595E-15
-3.141492653589793;1.000000003361074E-4
-3.1405926535897932;0.001000000333335613
-3.1363706143593735;0.005222086698743292
-3.1315926535897933;0.010000333346668902
-3.1263706143593737;0.015223215041397823
-3.116370614359374;0.025227388935750782
-3.106370614359374;0.03523661185585932
-3.0963706143593743;0.045252891319734596
-3.0863706143593745;0.05527824050236675
-3.0763706143593748;0.0653146798583905
-3.066370614359375;0.07536423875719225
-3.056370614359375;0.08542895713326236
-3.0463706143593754;0.09551088715468155
-3.0363706143593756;0.10561209491264481
-3.026370614359376;0.11573466213502295
-3.016370614359376;0.1258806879270018
-3.0063706143593762;0.1360522905419572
-2.9963706143593765;0.14625160918576324
-2.9863706143593767;0.1564808058578927
-2.976370614359377;0.16674206723272839
-2.966370614359377;0.17703760658466042
-2.9563706143593773;0.18736966576065683
-2.9463706143593775;0.1977405172041684
-2.9363706143593777;0.2081524660343519
-2.926370614359378;0.218607852184819
-2.916370614359378;0.2291090526062297
-2.9063706143593784;0.239658483537395
-2.8963706143593786;0.25025860284957124
-2.886370614359379;0.26091191246907247
-2.876370614359379;0.2716209608834399
-2.8663706143593792;0.28238834573677435
-2.8563706143593794;0.2932167165200774
-2.8463706143593797;0.30410877736282477
-2.83637061435938;0.3150672899322952
-2.82637061435938;0.3260950764475824
-2.8163706143593803;0.3371950228156912
-2.8063706143593805;0.3483700818972806
-2.7963706143593807;0.3596232769105768
-2.786370614359381;0.3709577049819741
-2.776370614359381;0.382376540852711
-2.7663706143593814;0.39388304075149616
-2.7563706143593816;0.4054805464435845
-2.746370614359382;0.41717248946752217
-2.736370614359382;0.42896239557149823
-2.726370614359382;0.4408538893620443
-2.7163706143593824;0.45285069917870374
-2.7063706143593826;0.4649566622091869
-2.696370614359383;0.4771757298605892
-2.686370614359383;0.48951197340329194
-2.6763706143593833;0.5019695899053737
-2.6663706143593835;0.5145529084766486
-2.6563706143593837;0.5272663968427949
-2.646370614359384;0.5401146682715784
-2.636370614359384;0.5531024888748063
-2.6263706143593843;0.5662347853113714
-2.6163706143593846;0.5795166529187402
-2.6063706143593848;0.5929533643022789
-2.596370614359385;0.6065503784140991
-2.586370614359385;0.620313350155605
-2.5763706143593854;0.6342481405405999
-2.5663706143593856;0.6483608274587842
-2.556370614359386;0.662657717082646
-2.546370614359386;0.677145355964325
-2.5363706143593863;0.6918305438728297
-2.5263706143593865;0.7067203474261812
-2.5163706143593867;0.7218221145777183
-2.506370614359387;0.7371434900207778
-2.496370614359387;0.7526924315815664
-2.4863706143593873;0.76847722767609
-2.4763706143593875;0.7845065159136931
-2.4663706143593878;0.8007893029371593
-2.456370614359388;0.8173349855974175
-2.446370614359388;0.8341533735698146
-2.4363706143593884;0.851254713528853
-2.4263706143593886;0.8686497150091725
-2.416370614359389;0.8863495780926282
-2.406370614359389;0.9043660230747337
-2.3963706143593893;0.9227113222785327
-2.3863706143593895;0.9413983342004917
-2.3763706143593897;0.96044054019127
-2.36637061435939;0.9798520838946743
-2.35637061435939;0.9996478136907883
-2.3463706143593903;1.0198433284146433
-2.3363706143593905;1.040455026650281
-2.3263706143593907;1.0615001599313216
-2.316370614359391;1.0829968902154639
-2.306370614359391;1.1049643520396495
-2.2963706143593914;1.1274227198075695
-2.2863706143593916;1.150393280711924
-2.276370614359392;1.1738985138506335
-2.266370614359392;1.1979621761604975
-2.2563706143593922;1.2226093958646056
-2.2463706143593924;1.2478667742122216
-2.2363706143593927;1.2737624963834597
-2.226370614359393;1.3003264525375478
-2.216370614359393;1.3275903701046674
-2.2063706143593933;1.3555879585599802
-2.1963706143593935;1.384355068076583
-2.1863706143593937;1.4139298636359685
-2.176370614359394;1.4443530163827811
-2.166370614359394;1.4756679142509432
-2.1563706143593944;1.5079208941649231
-2.1463706143593946;1.5411614984402577
-2.136370614359395;1.575442758378635
-2.126370614359395;1.6108215084839848
-2.116370614359395;1.6473587352286114
-2.1063706143593954;1.6851199648852784
-2.0963706143593956;1.7241756956283807
-2.086370614359396;1.7646018799149357
-2.076370614359396;1.8064804641069727
-2.0663706143593963;1.849899993420932
-2.0563706143593965;1.8949562916215883
-2.0463706143593967;1.9417532264624338
-2.036370614359397;1.9904035737646861
-2.026370614359397;2.041029995291205
-2.0163706143593974;2.0937661482925916
-2.0063706143593976;2.148757947886391
-1.9963706143593976;2.206165007407965
-1.9863706143593975;2.2661622867111126
-1.9763706143593975;2.3289419843094494
-1.9663706143593975;2.3947157165084256
-1.9563706143593975;2.463717035630263
-1.9463706143593975;2.536204350532678
-1.9363706143593975;2.612464326452421
-1.9263706143593975;2.692815858535991
-1.9163706143593975;2.777614735264282
-1.9063706143593975;2.867259135681796
-1.8963706143593975;2.962196139702118
-1.8863706143593975;3.0629294762084243
-1.8763706143593974;3.170028792499188
-1.8663706143593974;3.2841408053749084
-1.8563706143593974;3.4060027950942136
-1.8463706143593974;3.5364590373231706
-1.8363706143593974;3.6764809474736904
-1.8263706143593974;3.8271919542278545
-1.8163706143593974;3.989898450285051
-1.8063706143593974;4.166128626155267
-1.7963706143593974;4.357681633258249
-1.7863706143593974;4.566690430397798
-1.7763706143593974;4.795702972935427
-1.7663706143593974;5.047788309880412
-1.7563706143593973;5.326676984352752
-1.7463706143593973;5.636949413885032
-1.7363706143593973;5.984292535045675
-1.7263706143593973;6.375855427630017
-1.7163706143593973;6.820751513155024
-1.7063706143593973;7.330783007208392
-1.6963706143593973;7.9215115186104
-1.6863706143593973;8.613884446490307
-1.6763706143593973;9.436785691656963
-1.6663706143593973;10.431187663510274
-1.6563706143593973;11.657214446605376
-1.6463706143593972;13.206812562151343
-1.6363706143593972;15.228015384839146
-1.6263706143593972;17.97540429689893
-1.6163706143593972;21.92700355738843
-1.6063706143593972;28.09833139402088
-1.5963706143593972;39.093248374710406
-1.5863706143593972;64.20320298700761
-1.5807963267948966;99.99666664447422
-1.5763706143593972;179.39326431358936
-1.5717963267948964;999.9996666694699
-1.5708963267948965;9999.999966934376
-1.5707963267948966;undefined
-1.5706963267948966;-9999.99996644711
-1.5697963267948967;-999.9996666644969
-1.5663706143593972;-225.9508464655103
-1.5607963267948965;-99.99666664442702
-1.5563706143593972;-69.31585780935434
-1.5463706143593972;-40.932321745794916
-1.5363706143593971;-29.03657919736345
-1.5263706143593971;-22.494676558413683
-1.5163706143593971;-18.35552304592455
-1.5063706143593971;-15.500271891099608
-1.496370614359397;-13.411398958560673
-1.486370614359397;-11.816577452136148
-1.476370614359397;-10.558841807145342
-1.466370614359397;-9.541351662295769
-1.456370614359397;-8.701119266582182
-1.446370614359397;-7.9954059362841745
-1.436370614359397;-7.394190360599866
-1.426370614359397;-6.875765863008112
-1.416370614359397;-6.424048286545692
-1.406370614359397;-6.0268662490516265
-1.396370614359397;-5.67483952663095
-1.386370614359397;-5.360622337379775
-1.376370614359397;-5.07838014862011
-1.366370614359397;-4.823420043899352
-1.356370614359397;-4.591924519648959
-1.346370614359397;-4.3807564510447765
-1.336370614359397;-4.187313975798962
-1.326370614359397;-4.009421000107464
-1.316370614359397;-3.8452435260498015
-1.306370614359397;-3.693224964866645
-1.296370614359397;-3.55203559323266
-1.286370614359397;-3.4205326717925084
-1.276370614359397;-3.2977286909965793
-1.266370614359397;-3.1827658754356847
-1.256370614359397;-3.0748955533569013
-1.2463706143593969;-2.97346134161971
-1.2363706143593969;-2.8778853474688684
-1.2263706143593969;-2.787656773993218
-1.2163706143593969;-2.7023224545378657
-1.2063706143593969;-2.621478945549693
-1.1963706143593968;-2.5447658865024794
-1.1863706143593968;-2.4718603961793253
-1.1763706143593968;-2.402472321386548
-1.1663706143593968;-2.336340190555952
-1.1563706143593968;-2.2732277531737433
-1.1463706143593968;-2.2129210084163775
-1.1363706143593968;-2.155225644166216
-1.1263706143593968;-2.0999648217692797
-1.1163706143593968;-2.046977253276789
-1.1063706143593968;-1.9961155270860327
-1.0963706143593968;-1.947244645329995
-1.0863706143593967;-1.9002407424176777
-1.0763706143593967;-1.8549899590780201
-1.0663706143593967;-1.811387450327791
-1.0563706143593967;-1.7693365091397792
-1.0463706143593967;-1.7287477903675463
-1.0363706143593967;-1.6895386217948631
-1.0263706143593967;-1.6516323911075779
-1.0163706143593967;-1.614957999202085
-1.0063706143593967;-1.5794493716032225
-0.9963706143593967;-1.545045020910137
-0.9863706143593967;-1.511687654158213
-0.9763706143593966;-1.4793238198074912
-0.9663706143593966;-1.44790358976822
-0.9563706143593966;-1.4173802724717417
-0.9463706143593966;-1.3877101535062981
-0.9363706143593966;-1.3588522607761857
-0.9263706143593966;-1.3307681515203467
-0.9163706143593966;-1.3034217188520323
-0.9063706143593966;-1.27677901576281
-0.8963706143593966;-1.2508080947780835
-0.8863706143593966;-1.225478861663207
-0.8763706143593966;-1.2007629417637184
-0.8663706143593966;-1.1766335577240483
-0.8563706143593965;-1.1530654174696766
-0.8463706143593965;-1.1300346114608317
-0.8363706143593965;-1.1075185183338794
-0.8263706143593965;-1.085495718141508
-0.8163706143593965;-1.0639459124864807
-0.8063706143593965;-1.0428498509175321
-0.7963706143593965;-1.0221892630211669
-0.7863706143593965;-1.001946795700918
-0.7763706143593965;-0.9821059551867762
-0.7663706143593965;-0.9626510533629798
-0.7563706143593965;-0.9435671580427953
-0.7463706143593964;-0.9248400468550432
-0.7363706143593964;-0.9064561644389607
-0.7263706143593964;-0.8884025826732148
-0.7163706143593964;-0.8706669636900707
-0.7063706143593964;-0.853237525449032
-0.6963706143593964;-0.8361030096648293
-0.6863706143593964;-0.8192526519031722
-0.6763706143593964;-0.8026761536743793
-0.6663706143593964;-0.7863636563699998
-0.6563706143593964;-0.7703057169011316
-0.6463706143593964;-0.7544932849092602
-0.6363706143593963;-0.7389176814316076
-0.6263706143593963;-0.7235705789128889
-0.6163706143593963;-0.7084439824644543
-0.6063706143593963;-0.6935302122799968
-0.5963706143593963;-0.6788218871244462
-0.5863706143593963;-0.6643119088194377
-0.5763706143593963;-0.6499934476548993
-0.5663706143593963;-0.6358599286618934
-0.5563706143593963;-0.6219050186869588
-0.5463706143593963;-0.6081226142128537
-0.5363706143593963;-0.5945068298748413
-0.5263706143593962;-0.5810519876255523
-0.5163706143593962;-0.5677526065049997
-0.5063706143593962;-0.5546033929755759
-0.4963706143593962;-0.541599231784838
-0.4863706143593962;-0.5287351773216139
-0.4763706143593962;-0.5160064454334689
-0.4663706143593962;-0.5034084056758693
-0.4563706143593962;-0.49093657396549445
-0.4463706143593962;-0.47858660561208877
-0.43637061435939617;-0.4663542887050336
-0.42637061435939616;-0.454235537832474
-0.41637061435939615;-0.4422263881123355
-0.40637061435939614;-0.43032298951598336
-0.39637061435939613;-0.41852160146655715
-0.3863706143593961;-0.4068185876952121
-0.3763706143593961;-0.3952104113395847
-0.3663706143593961;-0.38369363026984993
-0.3563706143593961;-0.3722648926286419
-0.3463706143593961;-0.36092093257200575
-0.3363706143593961;-0.349658566199346
-0.32637061435939607;-0.33847468766108596
-0.31637061435939606;-0.327366265433443
-0.30637061435939605;-0.31633033875036765
-0.29637061435939605;-0.30536401418329084
-0.28637061435939604;-0.29446446235986923
-0.276370614359396;-0.28362891481344277
-0.266370614359396;-0.27285466095536726
-0.256370614359396;-0.2621390451628817
-0.246370614359396;-0.2514794639754937
-0.236370614359396;-0.2408733633933292
-0.22637061435939598;-0.2303182362711981
-0.21637061435939597;-0.21981161980246594
-0.20637061435939597;-0.2093510930871284
-0.19637061435939596;-0.19893427477876213
-0.18637061435939595;-0.18855882080529046
-0.17637061435939594;-0.17822242215873854
-0.16637061435939593;-0.1679228027493858
-0.15637061435939592;-0.1576577173199159
-0.1463706143593959;-0.1474249494153701
-0.1363706143593959;-0.13722230940487568
-0.1263706143593959;-0.1270476325512883
-0.1163706143593959;-0.11689877712503333
-0.1063706143593959;-0.10677362255856797
-0.09637061435939591;-0.09667006763801177
-0.08637061435939591;-0.08658602872860348
-0.07637061435939592;-0.07651943803074696
-0.06637061435939592;-0.06646824186349819
-0.05637061435939592;-0.05643039897243094
-0.04637061435939592;-0.04640387885888695
-0.03637061435939592;-0.03638666012768338
-0.026370614359395916;-0.026376728850403413
-0.016370614359395914;-0.01637207694144114
-0.01;-0.010000333346667212
-0.006370614359395914;-0.0063707005440105675
-0.001;-0.001000000333333467
-1.0E-4;-1.0000000033333338E-4
0.0;0.0
